class_id,model_label
Early1:ALL,10080_1_2_3_7_A
Mid1:CLS,10080_1_2_3_7_B
Mid1:OPN,10080_1_2_3_7_C
Early1:ALL,10090_19_A
Mid1:OPN,10090_19_B
Late1:CLS,10090_19_C
Early1:ALL,10110_15_A
Mid1:CLS,10110_15_B
Late1:CLS,10110_15_C
Early1:ALL,10110_16_23_24_A
Mid1:CLS,10110_16_23_24_B
Mid2:CLS,10110_16_23_24_C
Late1:ALL,10110_16_23_24_D
Late1:CLS,10110_16_23_24_E
Early1:ALL,10110_20_29_A
Mid1:ALL,10110_20_29_B
Late1:CLS,10110_20_29_C
Late1:OPN,10110_20_29_D
Late2:CLS,10110_20_29_E
Early1:ALL,10110_21_A
Mid1:ALL,10110_21_B
Late1:CLS,10110_21_C
Late2:OPN,10110_21_D
Late3:CLS,10110_21_E
Early1:ALL,10110_22_A
Mid1:CLS,10110_22_B
Late1:CLS,10110_22_C
Early1:ALL,10110_27_A
Mid1:CLS,10110_27_B
Late1:ALL,10110_27_C
Early1:ALL,10110_28_A
Mid1:CLS,10110_28_B
Late1:CLS,10110_28_C
Early1:CLS,10110_6_10_12_17_18_19_A
Mid1:CLS,10110_6_10_12_17_18_19_B
Late1:CLS,10110_6_10_12_17_18_19_C
Late1:OPN,10110_6_10_12_17_18_19_D
Early1:ALL,10110_7_A
Mid1:CLS,10110_7_B
Mid2:CLS,10110_7_C
Late1:ALL,10110_7_D
Late1:CLS,10110_7_E
Early1:ALL,10110_9_A
Mid1:CLS,10110_9_B
Mid2:CLS,10110_9_C
Late1:ALL,10110_9_D
Late1:CLS,10110_9_E
Early1:ALL,10120_16_27_A
Mid1:CLS,10120_16_27_B
Late1:CLS,10120_16_27_C
Early1:ALL,10120_17_18_21_A
Mid1:CLS,10120_17_18_21_B
Late1:CLS,10120_17_18_21_C
Early1:ALL,10130_31_38_39_40_A
Late1:ALL,10130_31_38_39_40_B
Late1:OPN,10130_31_38_39_40_C
Late1:CLS,10130_31_38_39_40_D
Early1:ALL,10140_4_5_A
Mid1:CLS,10140_4_5_B
Late1:CLS,10140_4_5_C
Early1:ALL,10150_2_3_4_A
Mid1:CLS,10150_2_3_4_B
Late1:CLS,10150_2_3_4_C
Early1:OPN,10160_13_14_A
Mid1:OPN,10160_13_14_B
Mid2:OPN,10160_13_14_C
Late1:OPN,10160_13_14_D
Early1:ALL,10160_15_28_A
Mid1:CLS,10160_15_28_B
Mid1:OPN,10160_15_28_C
Late1:OPN,10160_15_28_D
Late1:CLS,10160_15_28_E
Early1:ALL,10160_16_23_24_25_A
Mid1:CLS,10160_16_23_24_25_B
Mid1:OPN,10160_16_23_24_25_C
Late1:OPN,10160_16_23_24_25_D
Late1:CLS,10160_16_23_24_25_E
Early1:ALL,10160_17_A
Mid1:CLS,10160_17_B
Mid1:OPN,10160_17_C
Late1:OPN,10160_17_D
Late1:CLS,10160_17_E
Early1:OPN,10160_22_A
Mid1:OPN,10160_22_B
Late1:OPN,10160_22_C
Early1:OPN,10170_6_7_8_9_12_18_A
Mid1:OPN,10170_6_7_8_9_12_18_B
Late1:OPN,10170_6_7_8_9_12_18_C
Late1:CLS,10170_6_7_8_9_12_18_D
Late2:OPN,10170_6_7_8_9_12_18_E
Early1:ALL,10180_1_7_A
Mid1:CLS,10180_1_7_B
Mid1:OPN,10180_1_7_C
Late1:OPN,10180_1_7_D
Late1:CLS,10180_1_7_E
Early1:OPN,10190_13_14_A
Mid1:OPN,10190_13_14_B
Mid2:OPN,10190_13_14_C
Late1:OPN,10190_13_14_D
Early1:OPN,10190_15_A
Mid1:OPN,10190_15_B
Mid2:OPN,10190_15_C
Late1:OPN,10190_15_D
Early1:OPN,10190_4_A
Mid1:OPN,10190_4_B
Mid2:OPN,10190_4_C
Late1:OPN,10190_4_D
Late2:OPN,10190_4_E
Early1:OPN,10190_6_7_9_12_16_17_18_19_A
Mid1:OPN,10190_6_7_9_12_16_17_18_19_B
Late1:OPN,10190_6_7_9_12_16_17_18_19_C
Late2:OPN,10190_6_7_9_12_16_17_18_19_D
Early1:ALL,10200_13_A
Mid1:OPN,10200_13_B
Late1:OPN,10200_13_C
Early1:ALL,10200_6_9_12_17_A
Mid1:OPN,10200_6_9_12_17_B
Late1:OPN,10200_6_9_12_17_C
Early1:ALL,10210_2_3_6_7_A
Mid1:CLS,10210_2_3_6_7_B
Mid1:OPN,10210_2_3_6_7_C
Late1:OPN,10210_2_3_6_7_D
Late1:CLS,10210_2_3_6_7_E
Early1:ALL,10220_2_3_6_7_A
Mid1:CLS,10220_2_3_6_7_B
Mid1:OPN,10220_2_3_6_7_C
Late1:OPN,10220_2_3_6_7_D
Late1:CLS,10220_2_3_6_7_E
Early1:ALL,10230_14_15_24_25_A
Mid1:CLS,10230_14_15_24_25_B
Mid1:OPN,10230_14_15_24_25_C
Late1:OPN,10230_14_15_24_25_D
Early1:ALL,10240_14_15_24_A
Mid1:CLS,10240_14_15_24_B
Mid1:OPN,10240_14_15_24_C
Late1:OPN,10240_14_15_24_D
Early1:ALL,10240_25_27_A
Mid1:CLS,10240_25_27_B
Mid1:OPN,10240_25_27_C
Late1:OPN,10240_25_27_D
Early1:ALL,10240_26_A
Mid1:OPN,10240_26_B
Late1:OPN,10240_26_C
Early1:ALL,10250_14_15_24_25_26_A
Mid1:CLS,10250_14_15_24_25_26_B
Late1:CLS,10250_14_15_24_25_26_C
Early1:ALL,10260_15_A
Mid1:CLS,10260_15_B
Mid1:OPN,10260_15_C
Late1:OPN,10260_15_D
Late1:CLS,10260_15_E
Early1:ALL,10270_2_3_7_A
Mid1:CLS,10270_2_3_7_B
Mid1:OPN,10270_2_3_7_C
Late1:OPN,10270_2_3_7_D
Late1:CLS,10270_2_3_7_E
Early1:ALL,10270_4_5_6_A
Mid1:CLS,10270_4_5_6_B
Mid1:OPN,10270_4_5_6_C
Late1:OPN,10270_4_5_6_D
Late1:CLS,10270_4_5_6_E
Early1:ALL,10280_2_3_A
Mid1:CLS,10280_2_3_B
Mid1:OPN,10280_2_3_C
Late1:OPN,10280_2_3_D
Late1:CLS,10280_2_3_E
Early1:ALL,10280_4_6_7_12_A
Mid1:CLS,10280_4_6_7_12_B
Mid1:OPN,10280_4_6_7_12_C
Late1:OPN,10280_4_6_7_12_D
Late1:CLS,10280_4_6_7_12_E
Early1:ALL,10290_2_3_4_5_6_7_12_A
Mid1:CLS,10290_2_3_4_5_6_7_12_B
Mid1:OPN,10290_2_3_4_5_6_7_12_C
Late1:OPN,10290_2_3_4_5_6_7_12_D
Late1:CLS,10290_2_3_4_5_6_7_12_E
Early1:ALL,10300_2_3_4_5_6_7_A
Mid1:CLS,10300_2_3_4_5_6_7_B
Mid1:OPN,10300_2_3_4_5_6_7_C
Early1:ALL,10310_2_3_4_5_6_12_A
Mid1:CLS,10310_2_3_4_5_6_12_B
Mid1:OPN,10310_2_3_4_5_6_12_C
Late1:CLS,10310_2_3_4_5_6_12_D
Late1:OPN,10310_2_3_4_5_6_12_E
Early1:ALL,10310_7_A
Mid1:CLS,10310_7_B
Mid1:OPN,10310_7_C
Late1:OPN,10310_7_D
Late1:CLS,10310_7_E
Early1:ALL,10320_2_3_7_A
Mid1:CLS,10320_2_3_7_B
Mid1:OPN,10320_2_3_7_C
Late1:OPN,10320_2_3_7_D
Late1:CLS,10320_2_3_7_E
Early1:ALL,10321_6_A
Mid1:CLS,10321_6_B
Mid1:OPN,10321_6_C
Late1:OPN,10321_6_D
Late1:CLS,10321_6_E
Early1:ALL,10322_6_A
Mid1:CLS,10322_6_B
Mid1:OPN,10322_6_C
Late1:OPN,10322_6_D
Late1:CLS,10322_6_E
Early1:ALL,10330_12_A
Late2:CLS,10330_12_B
Late1:OPN,10330_12_C
Early1:ALL,10330_3_6_7_A
Late2:CLS,10330_3_6_7_B
Late1:OPN,10330_3_6_7_C
Early1:ALL,10340_4_6_7_A
Mid1:OPN,10340_4_6_7_B
Late1:OPN,10340_4_6_7_C
Early1:ALL,10350_1_2_7_A
Mid1:CLS,10350_1_2_7_B
Mid1:OPN,10350_1_2_7_C
Late1:OPN,10350_1_2_7_D
Late1:CLS,10350_1_2_7_E
Early1:ALL,10360_1_2_A
Mid1:CLS,10360_1_2_B
Mid2:CLS,10360_1_2_C
Mid2:OPN,10360_1_2_D
Late1:CLS,10360_1_2_E
Early1:ALL,10370_1_2_7_A
Mid1:CLS,10370_1_2_7_B
Mid1:OPN,10370_1_2_7_C
Late1:OPN,10370_1_2_7_D
Late1:CLS,10370_1_2_7_E
Early1:ALL,10380_1_7_A
Late1:CLS,10380_1_7_B
Early1:ALL,10390_1_2_3_7_A
Mid1:CLS,10390_1_2_3_7_B
Mid1:OPN,10390_1_2_3_7_C
Late1:OPN,10390_1_2_3_7_D
Late1:CLS,10390_1_2_3_7_E
Early1:ALL,10411_1_7_A
Mid1:CLS,10411_1_7_B
Mid1:OPN,10411_1_7_C
Late1:OPN,10411_1_7_D
Late1:CLS,10411_1_7_E
Early1:ALL,10412_1_7_A
Mid1:CLS,10412_1_7_B
Mid1:OPN,10412_1_7_C
Late1:OPN,10412_1_7_D
Late1:CLS,10412_1_7_E
Early1:ALL,10420_1_7_A
Mid1:CLS,10420_1_7_B
Mid1:OPN,10420_1_7_C
Late1:OPN,10420_1_7_D
Late1:CLS,10420_1_7_E
Early1:ALL,10430_5_A
Mid1:CLS,10430_5_B
Late1:CLS,10430_5_C
Early1:ALL,10431_2_3_6_7_A
Mid1:CLS,10431_2_3_6_7_B
Mid1:OPN,10431_2_3_6_7_C
Late1:OPN,10431_2_3_6_7_D
Late1:CLS,10431_2_3_6_7_E
Early1:ALL,10432_2_3_A
Mid1:CLS,10432_2_3_B
Mid1:OPN,10432_2_3_C
Late1:OPN,10432_2_3_D
Late1:CLS,10432_2_3_E
Early1:ALL,10440_3_6_7_A
Mid1:CLS,10440_3_6_7_B
Mid1:OPN,10440_3_6_7_C
Late1:OPN,10440_3_6_7_D
Late1:CLS,10440_3_6_7_E
Early1:ALL,10450_1_7_8_9_A
Mid1:CLS,10450_1_7_8_9_B
Mid1:OPN,10450_1_7_8_9_C
Late1:OPN,10450_1_7_8_9_D
Late1:CLS,10450_1_7_8_9_E
Early1:ALL,10450_21_A
Mid1:CLS,10450_21_B
Mid1:OPN,10450_21_C
Late1:OPN,10450_21_D
Late1:CLS,10450_21_E
Early1:ALL,10451_10_19_A
Mid1:CLS,10451_10_19_B
Mid1:OPN,10451_10_19_C
Late1:OPN,10451_10_19_D
Late1:CLS,10451_10_19_E
Early1:ALL,10451_20_A
Mid1:CLS,10451_20_B
Mid1:OPN,10451_20_C
Late1:OPN,10451_20_D
Late1:CLS,10451_20_E
Early1:ALL,10452_10_19_A
Mid1:CLS,10452_10_19_B
Mid1:OPN,10452_10_19_C
Late1:OPN,10452_10_19_D
Late1:CLS,10452_10_19_E
Early1:ALL,10453_10_19_A
Mid1:CLS,10453_10_19_B
Mid1:OPN,10453_10_19_C
Late1:OPN,10453_10_19_D
Late1:CLS,10453_10_19_E
Early1:ALL,10454_20_A
Mid1:CLS,10454_20_B
Mid1:OPN,10454_20_C
Late1:OPN,10454_20_D
Late1:CLS,10454_20_E
Early1:ALL,10460_1_7_9_A
Late2:CLS,10460_1_7_9_B
Late1:OPN,10460_1_7_9_C
Early1:ALL,10460_10_19_20_A
Mid1:CLS,10460_10_19_20_B
Mid1:OPN,10460_10_19_20_C
Late1:OPN,10460_10_19_20_D
Late1:CLS,10460_10_19_20_E
Early3:OPN,10460_18_A
Mid3:OPN,10460_18_B
Late3:OPN,10460_18_C
Late3:CLS,10460_18_D
Early1:ALL,10460_21_A
Mid1:CLS,10460_21_B
Mid1:OPN,10460_21_C
Late1:OPN,10460_21_D
Late1:CLS,10460_21_E
Early1:ALL,10470_10_19_A
Mid1:CLS,10470_10_19_B
Mid1:OPN,10470_10_19_C
Late1:OPN,10470_10_19_D
Late1:CLS,10470_10_19_E
Early1:ALL,10470_8_9_A
Mid1:CLS,10470_8_9_B
Mid1:OPN,10470_8_9_C
Late1:OPN,10470_8_9_D
Late1:CLS,10470_8_9_E
Early1:ALL,10472_10_19_A
Mid1:CLS,10472_10_19_B
Mid1:OPN,10472_10_19_C
Late1:OPN,10472_10_19_D
Late1:CLS,10472_10_19_E
Early1:ALL,10480_29_A
Early1:CLS,10480_29_B
Mid1:CLS,10480_29_C
Mid2:OPN,10480_29_D
Late1:CLS,10480_29_E
Early1:ALL,10490_16_22_A
Mid1:OPN,10490_16_22_B
Late1:CLS,10490_16_22_C
Early1:ALL,10490_19_20_21_23_28_29_A
Mid1:OPN,10490_19_20_21_23_28_29_B
Late1:CLS,10490_19_20_21_23_28_29_C
Early1:ALL,10500_16_23_28_A
Mid1:CLS,10500_16_23_28_B
Late1:CLS,10500_16_23_28_C
Early1:ALL,10500_18_A
Mid1:CLS,10500_18_B
Late1:CLS,10500_18_C
Early1:ALL,10500_22_A
Mid1:ALL,10500_22_B
Late1:CLS,10500_22_C
Early1:ALL,10510_15_16_17_22_23_24_25_A
Mid1:CLS,10510_15_16_17_22_23_24_25_B
Mid1:OPN,10510_15_16_17_22_23_24_25_C
Late1:OPN,10510_15_16_17_22_23_24_25_D
Late1:CLS,10510_15_16_17_22_23_24_25_E
Early1:ALL,10510_18_21_A
Mid1:CLS,10510_18_21_B
Mid1:OPN,10510_18_21_C
Late1:OPN,10510_18_21_D
Late1:CLS,10510_18_21_E
Early1:ALL,10510_27_A
Mid1:CLS,10510_27_B
Mid1:OPN,10510_27_C
Late1:OPN,10510_27_D
Late1:CLS,10510_27_E
Early1:ALL,10510_28_A
Mid1:CLS,10510_28_B
Mid1:OPN,10510_28_C
Late1:OPN,10510_28_D
Late1:CLS,10510_28_E
Early1:ALL,10510_29_A
Mid1:CLS,10510_29_B
Mid1:OPN,10510_29_C
Late1:OPN,10510_29_D
Late1:CLS,10510_29_E
Early1:ALL,10510_6_A
Mid1:CLS,10510_6_B
Mid1:OPN,10510_6_C
Late1:OPN,10510_6_D
Late1:CLS,10510_6_E
Early1:ALL,10520_12_A
Mid1:CLS,10520_12_B
Mid1:OPN,10520_12_C
Late1:OPN,10520_12_D
Late1:CLS,10520_12_E
Early1:ALL,10520_13_A
Mid1:CLS,10520_13_B
Mid1:OPN,10520_13_C
Late1:OPN,10520_13_D
Late1:CLS,10520_13_E
Early1:ALL,10520_15_A
Mid1:CLS,10520_15_B
Mid1:OPN,10520_15_C
Late1:OPN,10520_15_D
Late1:CLS,10520_15_E
Early1:ALL,10520_16_23_24_A
Mid1:CLS,10520_16_23_24_B
Mid1:OPN,10520_16_23_24_C
Late1:OPN,10520_16_23_24_D
Late1:CLS,10520_16_23_24_E
Early1:ALL,10520_17_A
Mid1:CLS,10520_17_B
Mid1:OPN,10520_17_C
Late1:OPN,10520_17_D
Late1:CLS,10520_17_E
Early1:ALL,10520_18_A
Mid1:CLS,10520_18_B
Mid1:OPN,10520_18_C
Late1:OPN,10520_18_D
Late1:CLS,10520_18_E
Early1:ALL,10520_21_A
Mid1:CLS,10520_21_B
Mid1:OPN,10520_21_C
Late1:OPN,10520_21_D
Late1:CLS,10520_21_E
Early1:ALL,10520_25_A
Mid1:CLS,10520_25_B
Mid1:OPN,10520_25_C
Late1:OPN,10520_25_D
Late1:CLS,10520_25_E
Early1:ALL,10520_27_A
Mid1:CLS,10520_27_B
Mid1:OPN,10520_27_C
Late1:OPN,10520_27_D
Late1:CLS,10520_27_E
Early1:ALL,10520_28_A
Mid1:CLS,10520_28_B
Mid1:OPN,10520_28_C
Late1:OPN,10520_28_D
Late1:CLS,10520_28_E
Early1:OPN,10530_10_19_A
Mid1:CLS,10530_10_19_B
Mid1:OPN,10530_10_19_C
Late1:OPN,10530_10_19_D
Late1:CLS,10530_10_19_E
Early1:ALL,10531_1_7_8_9_A
Mid1:CLS,10531_1_7_8_9_B
Mid1:OPN,10531_1_7_8_9_C
Late1:OPN,10531_1_7_8_9_D
Late1:CLS,10531_1_7_8_9_E
Early1:ALL,10532_7_9_A
Mid1:CLS,10532_7_9_B
Mid1:OPN,10532_7_9_C
Late1:OPN,10532_7_9_D
Late1:CLS,10532_7_9_E
Early1:ALL,10540_13_14_A
Mid1:CLS,10540_13_14_B
Mid1:OPN,10540_13_14_C
Late1:OPN,10540_13_14_D
Late1:CLS,10540_13_14_E
Early1:ALL,10540_15_25_A
Mid1:CLS,10540_15_25_B
Mid1:OPN,10540_15_25_C
Late1:OPN,10540_15_25_D
Late1:CLS,10540_15_25_E
Early1:ALL,10540_16_23_24_A
Mid1:CLS,10540_16_23_24_B
Mid1:OPN,10540_16_23_24_C
Late1:OPN,10540_16_23_24_D
Late1:CLS,10540_16_23_24_E
Early1:ALL,10540_17_A
Mid1:CLS,10540_17_B
Mid1:OPN,10540_17_C
Late1:OPN,10540_17_D
Late1:CLS,10540_17_E
Early1:ALL,10540_20_A
Mid1:CLS,10540_20_B
Mid1:OPN,10540_20_C
Late1:OPN,10540_20_D
Late1:CLS,10540_20_E
Early1:OPN,10540_22_A
Mid1:CLS,10540_22_B
Mid1:OPN,10540_22_C
Late1:OPN,10540_22_D
Late1:CLS,10540_22_E
Early1:ALL,10540_26_A
Mid1:CLS,10540_26_B
Mid1:OPN,10540_26_C
Late1:OPN,10540_26_D
Late1:CLS,10540_26_E
Early1:ALL,10540_28_A
Mid1:CLS,10540_28_B
Mid1:OPN,10540_28_C
Late1:OPN,10540_28_D
Late1:CLS,10540_28_E
Early1:ALL,10540_29_A
Mid1:CLS,10540_29_B
Mid1:OPN,10540_29_C
Late1:OPN,10540_29_D
Late1:CLS,10540_29_E
Early1:ALL,10540_33_A
Mid1:CLS,10540_33_B
Mid1:OPN,10540_33_C
Late1:OPN,10540_33_D
Late1:CLS,10540_33_E
Early1:ALL,10541_27_A
Mid1:OPN,10541_27_B
Mid1:CLS,10541_27_C
Late1:OPN,10541_27_D
Late1:CLS,10541_27_E
Early1:ALL,10542_27_A
Mid1:CLS,10542_27_B
Mid1:OPN,10542_27_C
Late1:OPN,10542_27_D
Late1:CLS,10542_27_E
Early1:OPN,10550_1_8_9_A
Mid1:CLS,10550_1_8_9_B
Mid1:OPN,10550_1_8_9_C
Late1:OPN,10550_1_8_9_D
Late1:CLS,10550_1_8_9_E
Early1:ALL,10550_10_19_A
Mid1:CLS,10550_10_19_B
Mid1:OPN,10550_10_19_C
Late1:OPN,10550_10_19_D
Late1:CLS,10550_10_19_E
Early1:ALL,10550_15_28_A
Mid1:CLS,10550_15_28_B
Mid1:OPN,10550_15_28_C
Late1:OPN,10550_15_28_D
Late1:CLS,10550_15_28_E
Early1:ALL,10550_16_23_24_A
Mid1:CLS,10550_16_23_24_B
Mid1:OPN,10550_16_23_24_C
Late1:CLS,10550_16_23_24_D
Early1:ALL,10550_17_A
Mid1:CLS,10550_17_B
Mid1:OPN,10550_17_C
Late1:CLS,10550_17_D
Early1:ALL,10550_18_A
Mid1:CLS,10550_18_B
Mid1:OPN,10550_18_C
Late1:CLS,10550_18_D
Early1:ALL,10550_20_A
Mid1:ALL,10550_20_B
Late1:CLS,10550_20_C
Late2:CLS,10550_20_D
Early1:ALL,10550_21_22_A
Mid1:ALL,10550_21_22_B
Late1:CLS,10550_21_22_C
Late2:CLS,10550_21_22_D
Early1:ALL,10550_27_A
Mid1:CLS,10550_27_B
Mid1:OPN,10550_27_C
Late1:OPN,10550_27_D
Late1:CLS,10550_27_E
Early1:ALL,10550_29_A
Mid1:CLS,10550_29_B
Mid1:OPN,10550_29_C
Late1:OPN,10550_29_D
Late1:CLS,10550_29_E
Early1:OPN,10560_1_7_8_9_A
Mid2:ALL,10560_1_7_8_9_B
Mid1:ALL,10560_1_7_8_9_C
Late1:ALL,10560_1_7_8_9_D
Late2:ALL,10560_1_7_8_9_E
Early1:ALL,10560_10_19_A
Mid1:CLS,10560_10_19_B
Mid1:OPN,10560_10_19_C
Late1:CLS,10560_10_19_D
Early1:ALL,10560_15_28_A
Mid1:CLS,10560_15_28_B
Mid1:OPN,10560_15_28_C
Late1:OPN,10560_15_28_D
Late1:CLS,10560_15_28_E
Early1:ALL,10560_16_23_A
Mid1:CLS,10560_16_23_B
Mid1:OPN,10560_16_23_C
Late1:CLS,10560_16_23_D
Early1:ALL,10560_18_A
Mid1:CLS,10560_18_B
Mid1:OPN,10560_18_C
Late1:CLS,10560_18_D
Early1:ALL,10560_20_A
Mid1:CLS,10560_20_B
Mid1:OPN,10560_20_C
Late1:OPN,10560_20_D
Late1:CLS,10560_20_E
Early1:ALL,10560_21_22_A
Mid1:CLS,10560_21_22_B
Mid1:OPN,10560_21_22_C
Late1:OPN,10560_21_22_D
Late1:CLS,10560_21_22_E
Early1:ALL,10560_29_A
Mid1:CLS,10560_29_B
Mid1:OPN,10560_29_C
Late1:OPN,10560_29_D
Late1:CLS,10560_29_E
Early1:ALL,10570_12_16_A
Mid1:OPN,10570_12_16_B
Late1:OPN,10570_12_16_C
Early1:ALL,10570_18_A
Mid1:OPN,10570_18_B
Late1:OPN,10570_18_C
Early1:ALL,10570_23_A
Mid1:OPN,10570_23_B
Late1:OPN,10570_23_C
Early1:ALL,10570_28_A
Mid1:OPN,10570_28_B
Late1:OPN,10570_28_C
Early1:ALL,10570_29_A
Mid1:OPN,10570_29_B
Late1:OPN,10570_29_C
Early1:ALL,10580_12_A
Mid1:CLS,10580_12_B
Mid1:OPN,10580_12_C
Late1:OPN,10580_12_D
Late1:CLS,10580_12_E
Early1:ALL,10580_4_A
Mid1:CLS,10580_4_B
Mid1:OPN,10580_4_C
Late1:OPN,10580_4_D
Late1:CLS,10580_4_E
Early1:ALL,10580_7_A
Mid1:OPN,10580_7_B
Late1:OPN,10580_7_C
Early1:ALL,10581_6_A
Mid1:CLS,10581_6_B
Mid1:OPN,10581_6_C
Late1:OPN,10581_6_D
Late1:CLS,10581_6_E
Early1:ALL,10582_6_A
Mid1:CLS,10582_6_B
Mid1:OPN,10582_6_C
Late1:OPN,10582_6_D
Late1:CLS,10582_6_E
Early1:ALL,10590_24_28_A
Mid1:CLS,10590_24_28_B
Mid1:OPN,10590_24_28_C
Late1:OPN,10590_24_28_D
Early1:OPN,10590_25_A
Mid1:OPN,10590_25_B
Mid1:CLS,10590_25_C
Late1:CLS,10590_25_D
Late2:CLS,10590_25_E
Early1:ALL,10590_26_A
Mid1:CLS,10590_26_B
Late1:CLS,10590_26_C
Late1:OPN,10590_26_D
Early1:OPN,10590_27_33_A
Mid1:OPN,10590_27_33_B
Mid1:CLS,10590_27_33_C
Late1:CLS,10590_27_33_D
Early1:ALL,10600_1_2_7_A
Mid1:CLS,10600_1_2_7_B
Mid1:OPN,10600_1_2_7_C
Late1:OPN,10600_1_2_7_D
Late1:CLS,10600_1_2_7_E
Early1:ALL,10610_13_A
Mid1:CLS,10610_13_B
Mid2:CLS,10610_13_C
Late2:CLS,10610_13_D
Late1:CLS,10610_13_E
Early1:ALL,10610_15_25_A
Mid1:CLS,10610_15_25_B
Mid2:CLS,10610_15_25_C
Late1:ALL,10610_15_25_D
Late1:CLS,10610_15_25_E
Early1:ALL,10610_18_A
Mid1:CLS,10610_18_B
Mid2:CLS,10610_18_C
Late1:OPN,10610_18_D
Late1:CLS,10610_18_E
Early1:ALL,10610_20_29_A
Mid1:CLS,10610_20_29_B
Late1:OPN,10610_20_29_C
Late1:CLS,10610_20_29_D
Early1:OPN,10610_22_27_28_A
Mid1:CLS,10610_22_27_28_B
Late1:OPN,10610_22_27_28_C
Late1:CLS,10610_22_27_28_D
Early1:CLS,10610_6_A
Mid1:CLS,10610_6_B
Late1:CLS,10610_6_C
Late2:CLS,10610_6_D
Early1:ALL,10610_8_9_17_A
Mid1:CLS,10610_8_9_17_B
Mid2:CLS,10610_8_9_17_C
Late1:OPN,10610_8_9_17_D
Late1:CLS,10610_8_9_17_E
Early1:ALL,10611_16_23_24_A
Mid1:CLS,10611_16_23_24_B
Mid2:CLS,10611_16_23_24_C
Late1:ALL,10611_16_23_24_D
Late1:CLS,10611_16_23_24_E
Early1:CLS,10612_16_23_A
Mid1:CLS,10612_16_23_B
Late1:CLS,10612_16_23_C
Late1:OPN,10612_16_23_D
Early1:ALL,10620_10_19_21_29_31_A
Mid1:CLS,10620_10_19_21_29_31_B
Mid1:OPN,10620_10_19_21_29_31_C
Late1:OPN,10620_10_19_21_29_31_D
Late1:CLS,10620_10_19_21_29_31_E
Early1:ALL,10620_13_A
Mid1:CLS,10620_13_B
Mid1:OPN,10620_13_C
Late1:OPN,10620_13_D
Late1:CLS,10620_13_E
Early1:ALL,10620_16_23_A
Mid1:OPN,10620_16_23_B
Mid1:CLS,10620_16_23_C
Mid2:OPN,10620_16_23_D
Late2:CLS,10620_16_23_E
Early1:ALL,10620_22_28_A
Mid1:OPN,10620_22_28_B
Mid1:CLS,10620_22_28_C
Late1:ALL,10620_22_28_D
Early1:ALL,10620_6_12_17_18_A
Mid1:CLS,10620_6_12_17_18_B
Mid1:OPN,10620_6_12_17_18_C
Late1:OPN,10620_6_12_17_18_D
Late1:CLS,10620_6_12_17_18_E
Early1:ALL,10620_7_9_A
Mid1:OPN,10620_7_9_B
Mid1:CLS,10620_7_9_C
Late1:OPN,10620_7_9_D
Late2:CLS,10620_7_9_E
Early1:ALL,10630_1_A
Late1:ALL,10630_1_B
Early1:ALL,10630_2_7_A
Late1:ALL,10630_2_7_B
Early1:ALL,10640_15_16_17_23_24_27_28_A
Late1:OPN,10640_15_16_17_23_24_27_28_B
Late1:CLS,10640_15_16_17_23_24_27_28_C
Early1:ALL,10650_1_8_9_10_A
Mid1:OPN,10650_1_8_9_10_B
Late1:OPN,10650_1_8_9_10_C
Early1:ALL,10660_16_23_24_A
Late1:ALL,10660_16_23_24_B
Early1:ALL,10660_22_A
Early1:ALL,10660_29_A
Mid1:OPN,10660_29_B
Early1:ALL,10670_6_A
Late1:CLS,10670_6_B
Late1:ALL,10680_1_7_A
Early1:ALL,10700_10_19_28_A
Late1:CLS,10700_10_19_28_B
Early1:ALL,10700_16_A
Late1:CLS,10700_16_B
Early1:ALL,10700_21_A
Late1:CLS,10700_21_B
Early1:ALL,10710_6_A
Late1:CLS,10710_6_B
Early1:ALL,10720_22_29_A
Late1:OPN,10720_22_29_B
Early1:ALL,10720_28_A
Late1:OPN,10720_28_B
Early1:OPN,10740_25_26_A
Late1:OPN,10740_25_26_B
Early1:ALL,10750_25_A
Mid1:OPN,10750_25_B
Late1:CLS,10750_25_C
Early1:ALL,10750_26_A
Mid1:OPN,10750_26_B
Mid2:OPN,10750_26_C
Early1:OPN,10760_25_A
Late1:OPN,10760_25_B
Mid1:OPN,10760_26_A
Early1:OPN,10770_15_A
Late1:CLS,10770_15_B
Early1:OPN,10770_25_26_A
Late1:OPN,10770_25_26_B
Early1:OPN,10780_15_A
Late1:CLS,10780_15_B
Early1:ALL,10780_16_23_24_25_A
Late2:CLS,10780_16_23_24_25_B
Late1:OPN,10780_16_23_24_25_C
Early1:ALL,10790_13_A
Mid1:OPN,10790_13_B
Late1:OPN,10790_13_C
Late1:CLS,10790_13_D
Early1:ALL,10790_6_9_10_12_16_17_18_A
Mid1:OPN,10790_6_9_10_12_16_17_18_B
Late1:OPN,10790_6_9_10_12_16_17_18_C
Late1:CLS,10790_6_9_10_12_16_17_18_D
Early1:ALL,10800_1_7_8_9_A
Mid1:OPN,10800_1_7_8_9_B
Late1:CLS,10800_1_7_8_9_C
Early1:ALL,10800_10_19_A
Mid1:OPN,10800_10_19_B
Late1:CLS,10800_10_19_C
Early1:ALL,10800_13_14_A
Mid1:OPN,10800_13_14_B
Mid1:CLS,10800_13_14_C
Late1:OPN,10800_13_14_D
Late1:CLS,10800_13_14_E
Early1:ALL,10801_21_22_28_A
Mid1:OPN,10801_21_22_28_B
Late1:CLS,10801_21_22_28_C
Early1:ALL,10802_21_22_28_A
Mid1:OPN,10802_21_22_28_B
Late1:CLS,10802_21_22_28_C
Early1:ALL,10803_6_12_15_16_17_18_23_24_25_A
Mid1:OPN,10803_6_12_15_16_17_18_23_24_25_B
Late1:CLS,10803_6_12_15_16_17_18_23_24_25_C
Early1:ALL,10804_6_12_15_16_17_18_23_24_25_A
Mid1:OPN,10804_6_12_15_16_17_18_23_24_25_B
Mid1:CLS,10804_6_12_15_16_17_18_23_24_25_C
Late1:OPN,10804_6_12_15_16_17_18_23_24_25_D
Late1:CLS,10804_6_12_15_16_17_18_23_24_25_E
Early1:ALL,10810_15_16_23_24_28_A
Mid1:OPN,10810_15_16_23_24_28_B
Mid2:OPN,10810_15_16_23_24_28_C
Early1:ALL,10810_18_19_21_A
Mid1:OPN,10810_18_19_21_B
Early1:ALL,10810_22_A
Mid1:OPN,10810_22_B
Early1:ALL,10810_27_33_A
Mid1:OPN,10810_27_33_B
Mid2:OPN,10810_27_33_C
Early1:ALL,10810_6_12_13_17_A
Mid1:OPN,10810_6_12_13_17_B
Mid2:OPN,10810_6_12_13_17_C
Early1:ALL,10810_7_8_9_A
Mid1:OPN,10810_7_8_9_B
Late1:OPN,10810_7_8_9_C
Early1:ALL,10820_12_15_16_17_23_24_A
Late1:CLS,10820_12_15_16_17_23_24_B
Early1:OPN,10820_14_A
Late1:CLS,10820_14_B
Early1:ALL,10820_4_13_A
Late1:CLS,10820_4_13_B
Early1:OPN,10820_6_A
Late1:CLS,10820_6_B
Early1:ALL,10830_1_A
Mid1:ALL,10830_1_B
Mid1:ALL,10840_1_A
Early1:OPN,10850_20_A
Mid1:OPN,10850_20_B
Late1:CLS,10850_20_C
Early1:OPN,10850_29_30_A
Mid1:OPN,10850_29_30_B
Late1:CLS,10850_29_30_C
Early1:ALL,10860_13_16_17_18_21_23_A
Mid1:CLS,10860_13_16_17_18_21_23_B
Late1:CLS,10860_13_16_17_18_21_23_C
Late1:OPN,10860_13_16_17_18_21_23_D
Early1:ALL,10860_25_A
Mid1:CLS,10860_25_B
Mid1:OPN,10860_25_C
Late1:OPN,10860_25_D
Late1:CLS,10860_25_E
Early1:ALL,10860_26_A
Late1:OPN,10860_26_B
Early1:ALL,10860_27_31_33_A
Mid1:CLS,10860_27_31_33_B
Late1:CLS,10860_27_31_33_C
Early1:ALL,10860_28_A
Mid1:CLS,10860_28_B
Mid1:OPN,10860_28_C
Late1:OPN,10860_28_D
Late1:CLS,10860_28_E
Early1:OPN,10860_29_A
Mid1:OPN,10860_29_B
Late1:OPN,10860_29_C
Early1:ALL,10861_22_A
Mid1:CLS,10861_22_B
Late1:CLS,10861_22_C
Early1:OPN,10862_22_A
Mid1:OPN,10862_22_B
Late1:OPN,10862_22_C
Early1:OPN,10870_4_6_12_13_14_15_17_24_25_A
Late1:CLS,10870_4_6_12_13_14_15_17_24_25_B
Early1:ALL,10880_12_13_14_25_A
Late1:OPN,10880_12_13_14_25_B
Early1:ALL,10880_4_5_A
Late1:OPN,10880_4_5_B
Early1:OPN,10900_14_A
Late1:ALL,10900_14_B
Early1:ALL,10910_13_14_A
Mid1:OPN,10910_13_14_B
Late1:OPN,10910_13_14_C
Early1:OPN,10910_15_A
Late1:CLS,10910_15_B
Early1:OPN,10910_25_A
Late1:CLS,10910_25_B
Early1:ALL,10920_4_A
Mid1:CLS,10920_4_B
Late1:CLS,10920_4_C
Early1:ALL,10930_13_15_16_23_24_28_A
Mid1:OPN,10930_13_15_16_23_24_28_B
Late1:ALL,10930_13_15_16_23_24_28_C
Early1:ALL,10940_25_A
Mid1:CLS,10940_25_B
Early1:OPN,10940_26_A
Late1:OPN,10940_26_B
Early1:OPN,10940_27_33_A
Mid1:CLS,10940_27_33_B
Mid1:OPN,10940_27_33_C
Early1:OPN,10940_31_38_A
Mid1:CLS,10940_31_38_B
Mid1:OPN,10940_31_38_C
Early1:ALL,10940_32_35_A
Late1:CLS,10940_32_35_B
Early1:ALL,10940_34_A
Late1:CLS,10940_34_B
Early1:ALL,10950_14_A
Mid1:ALL,10950_14_B
Mid2:ALL,10950_14_C
Late1:CLS,10950_14_D
Early1:ALL,10950_15_A
Mid1:OPN,10950_15_B
Mid2:OPN,10950_15_C
Late1:OPN,10950_15_D
Early1:ALL,10950_25_A
Mid1:OPN,10950_25_B
Mid2:OPN,10950_25_C
Late1:OPN,10950_25_D
Early1:ALL,10950_26_35_A
Mid1:OPN,10950_26_35_B
Mid2:OPN,10950_26_35_C
Late1:OPN,10950_26_35_D
Early1:ALL,10950_27_A
Mid1:OPN,10950_27_B
Mid2:OPN,10950_27_C
Late1:OPN,10950_27_D
Early1:ALL,10960_3_A
Mid1:CLS,10960_3_B
Late1:CLS,10960_3_C
Late1:OPN,10960_3_D
Early1:ALL,10960_4_A
Mid1:CLS,10960_4_B
Late1:OPN,10960_4_C
Early1:OPN,10970_3_6_7_A
Late1:CLS,10970_3_6_7_B
Early1:OPN,10970_4_5_A
Late1:CLS,10970_4_5_B
Early1:ALL,10980_3_A
Mid1:OPN,10980_3_B
Late1:OPN,10980_3_C
Early1:ALL,10980_4_A
Mid1:OPN,10980_4_B
Late1:OPN,10980_4_C
Early1:ALL,10980_6_A
Mid1:OPN,10980_6_B
Late1:OPN,10980_6_C
Early1:ALL,10980_7_A
Mid1:CLS,10980_7_B
Mid1:OPN,10980_7_C
Late1:ALL,10980_7_D
Early1:ALL,10990_3_A
Late1:CLS,10990_3_B
Early1:ALL,10990_4_A
Late1:CLS,10990_4_B
Early1:OPN,11000_15_A
Late1:CLS,11000_15_B
Early1:ALL,11000_26_A
Early1:OPN,11002_25_A
Late1:OPN,11002_25_B
Early1:OPN,11003_25_A
Late1:OPN,11003_25_B
Early1:ALL,11010_25_A
Mid1:OPN,11010_25_B
Late1:OPN,11010_25_C
Early1:ALL,11010_26_A
Mid1:OPN,11010_26_B
Late1:OPN,11010_26_C
Early1:OPN,11020_13_15_16_23_24_A
Mid1:OPN,11020_13_15_16_23_24_B
Mid2:OPN,11020_13_15_16_23_24_C
Late1:OPN,11020_13_15_16_23_24_D
Late2:OPN,11020_13_15_16_23_24_E
Early1:ALL,11020_28_A
Mid1:CLS,11020_28_B
Mid1:OPN,11020_28_C
Late1:OPN,11020_28_D
Late1:CLS,11020_28_E
Early1:ALL,11030_6_7_12_13_16_17_23_A
Mid1:CLS,11030_6_7_12_13_16_17_23_B
Early1:ALL,11040_13_14_25_A
Mid1:CLS,11040_13_14_25_B
Early1:ALL,11040_15_A
Mid1:OPN,11040_15_B
Mid1:CLS,11040_15_C
Late1:CLS,11040_15_D
Early1:ALL,11040_17_A
Mid1:CLS,11040_17_B
Early1:ALL,11040_23_24_A
Mid1:CLS,11040_23_24_B
Mid1:OPN,11040_23_24_C
Late1:OPN,11040_23_24_D
Late1:CLS,11040_23_24_E
Early1:ALL,11050_3_6_7_A
Late1:CLS,11050_3_6_7_B
Early1:OPN,11050_4_5_A
Late1:CLS,11050_4_5_B
Early1:ALL,11060_1_8_9_A
Mid1:CLS,11060_1_8_9_B
Late1:CLS,11060_1_8_9_C
Early1:ALL,11060_10_19_A
Mid1:CLS,11060_10_19_B
Late1:CLS,11060_10_19_C
Early3:ALL,11060_18_A
Late3:CLS,11060_18_B
Early1:ALL,11060_20_21_29_A
Mid1:CLS,11060_20_21_29_B
Late1:CLS,11060_20_21_29_C
Early1:ALL,11060_22_A
Mid1:CLS,11060_22_B
Late1:CLS,11060_22_C
Early1:ALL,11070_13_A
Mid1:ALL,11070_13_B
Late1:ALL,11070_13_C
Early1:ALL,11070_15_A
Mid1:CLS,11070_15_B
Late1:OPN,11070_15_C
Late1:CLS,11070_15_D
Early1:ALL,11070_17_A
Mid1:ALL,11070_17_B
Late1:ALL,11070_17_C
Early1:ALL,11070_23_24_A
Mid1:CLS,11070_23_24_B
Late2:OPN,11070_23_24_C
Late1:CLS,11070_23_24_D
Early1:ALL,11070_25_28_A
Mid1:CLS,11070_25_28_B
Late1:OPN,11070_25_28_C
Late1:CLS,11070_25_28_D
Early1:ALL,11070_27_33_A
Mid1:CLS,11070_27_33_B
Late1:CLS,11070_27_33_C
Early1:ALL,11071_16_A
Mid1:ALL,11071_16_B
Late1:ALL,11071_16_C
Early1:ALL,11072_16_A
Mid1:ALL,11072_16_B
Late1:ALL,11072_16_C
Early1:ALL,11080_17_A
Late1:CLS,11080_17_B
Early1:ALL,11080_4_5_13_14_15_24_25_A
Late1:ALL,11080_4_5_13_14_15_24_25_B
Early1:OPN,11090_14_A
Mid1:OPN,11090_14_B
Late1:CLS,11090_14_C
Early1:OPN,11090_15_25_A
Mid1:OPN,11090_15_25_B
Late1:CLS,11090_15_25_C
Early1:OPN,11090_4_13_A
Mid1:OPN,11090_4_13_B
Late1:CLS,11090_4_13_C
Early1:OPN,11100_4_A
Late1:CLS,11100_4_B
Early1:OPN,11110_26_A
Mid1:CLS,11110_26_B
Late1:OPN,11110_26_C
Early1:OPN,11110_27_33_A
Mid1:CLS,11110_27_33_B
Late1:OPN,11110_27_33_C
Early1:OPN,11110_32_35_A
Mid1:CLS,11110_32_35_B
Late1:OPN,11110_32_35_C
Late1:CLS,11110_32_35_D
Early1:OPN,11110_34_A
Mid1:CLS,11110_34_B
Late1:OPN,11110_34_C
Early1:ALL,11120_4_5_A
Mid1:OPN,11120_4_5_B
Late1:OPN,11120_4_5_C
Early1:ALL,11130_3_A
Mid1:CLS,11130_3_B
Late1:OPN,11130_3_C
Early1:ALL,11130_4_A
Mid1:CLS,11130_4_B
Late1:OPN,11130_4_C
Early1:OPN,11140_3_6_7_A
Mid1:OPN,11140_3_6_7_B
Late1:OPN,11140_3_6_7_C
Late1:CLS,11140_3_6_7_D
Early1:OPN,11140_4_5_A
Mid1:OPN,11140_4_5_B
Late1:OPN,11140_4_5_C
Late1:CLS,11140_4_5_D
Late2:CLS,11140_4_5_E
Early1:OPN,11150_10_19_A
Mid1:OPN,11150_10_19_B
Mid2:OPN,11150_10_19_C
Late1:OPN,11150_10_19_D
Late2:OPN,11150_10_19_E
Early1:OPN,11150_13_A
Mid1:OPN,11150_13_B
Mid2:OPN,11150_13_C
Late1:OPN,11150_13_D
Late2:OPN,11150_13_E
Early1:OPN,11150_14_A
Mid1:OPN,11150_14_B
Mid2:OPN,11150_14_C
Late1:OPN,11150_14_D
Late2:OPN,11150_14_E
Early1:OPN,11150_15_16_23_24_A
Mid1:OPN,11150_15_16_23_24_B
Mid2:OPN,11150_15_16_23_24_C
Late1:OPN,11150_15_16_23_24_D
Late2:OPN,11150_15_16_23_24_E
Early1:OPN,11150_17_A
Mid1:OPN,11150_17_B
Mid2:OPN,11150_17_C
Late1:OPN,11150_17_D
Late2:OPN,11150_17_E
Early1:OPN,11150_21_22_A
Mid1:OPN,11150_21_22_B
Mid2:OPN,11150_21_22_C
Late1:OPN,11150_21_22_D
Early1:OPN,11150_28_A
Early1:CLS,11150_28_B
Mid1:OPN,11150_28_C
Late1:OPN,11150_28_D
Late1:CLS,11150_28_E
Early1:ALL,11160_15_25_A
Mid1:CLS,11160_15_25_B
Late1:CLS,11160_15_25_C
Early1:ALL,11160_24_A
Mid1:CLS,11160_24_B
Late1:CLS,11160_24_C
Early1:ALL,11160_26_A
Mid1:CLS,11160_26_B
Late1:CLS,11160_26_C
Late1:OPN,11160_26_D
Early1:ALL,11170_13_15_28_A
Mid1:CLS,11170_13_15_28_B
Mid1:OPN,11170_13_15_28_C
Late1:OPN,11170_13_15_28_D
Late1:CLS,11170_13_15_28_E
Early1:ALL,11170_16_23_24_A
Mid1:CLS,11170_16_23_24_B
Mid1:OPN,11170_16_23_24_C
Late1:OPN,11170_16_23_24_D
Late1:CLS,11170_16_23_24_E
Early1:ALL,11170_20_A
Mid1:CLS,11170_20_B
Mid1:OPN,11170_20_C
Late1:OPN,11170_20_D
Late1:CLS,11170_20_E
Early1:ALL,11170_29_A
Mid1:CLS,11170_29_B
Mid1:OPN,11170_29_C
Late1:OPN,11170_29_D
Late1:CLS,11170_29_E
Early1:ALL,11170_33_A
Mid1:OPN,11170_33_B
Mid1:CLS,11170_33_C
Late1:OPN,11170_33_D
Late1:CLS,11170_33_E
Early1:ALL,11171_27_A
Mid1:OPN,11171_27_B
Late1:OPN,11171_27_C
Early1:ALL,11172_27_A
Mid1:OPN,11172_27_B
Mid1:CLS,11172_27_C
Late1:OPN,11172_27_D
Late1:CLS,11172_27_E
Early1:ALL,11180_4_A
Mid1:OPN,11180_4_B
Late1:OPN,11180_4_C
Late1:CLS,11180_4_D
Early1:ALL,11190_24_25_A
Mid1:OPN,11190_24_25_B
Mid1:CLS,11190_24_25_C
Late1:CLS,11190_24_25_D
Late1:OPN,11190_24_25_E
Early1:ALL,11190_26_A
Mid1:CLS,11190_26_B
Late1:CLS,11190_26_C
Late1:OPN,11190_26_D
Early1:ALL,11190_27_A
Mid1:OPN,11190_27_B
Mid1:CLS,11190_27_C
Late1:CLS,11190_27_D
Late1:OPN,11190_27_E
Early1:ALL,11190_28_A
Mid1:OPN,11190_28_B
Mid1:CLS,11190_28_C
Late1:CLS,11190_28_D
Late1:OPN,11190_28_E
Early1:ALL,11190_34_A
Mid1:OPN,11190_34_B
Late1:CLS,11190_34_C
Early1:ALL,11200_1_2_7_A
Mid1:CLS,11200_1_2_7_B
Mid1:OPN,11200_1_2_7_C
Late1:OPN,11200_1_2_7_D
Late1:CLS,11200_1_2_7_E
Early1:ALL,11210_14_A
Mid1:ALL,11210_14_B
Mid2:ALL,11210_14_C
Late1:CLS,11210_14_D
Early1:ALL,11210_15_A
Mid1:ALL,11210_15_B
Mid2:ALL,11210_15_C
Late1:CLS,11210_15_D
Early1:ALL,11210_24_A
Mid1:CLS,11210_24_B
Mid1:OPN,11210_24_C
Late1:OPN,11210_24_D
Early1:ALL,11210_25_A
Mid1:ALL,11210_25_B
Late1:ALL,11210_25_C
Early1:OPN,11210_26_A
Mid1:OPN,11210_26_B
Mid2:OPN,11210_26_C
Early1:ALL,11210_27_A
Mid1:ALL,11210_27_B
Mid2:ALL,11210_27_C
Early1:OPN,11220_25_A
Mid1:ALL,11220_25_B
Early1:OPN,11220_26_A
Mid1:CLS,11220_26_B
Late1:ALL,11220_27_A
Early1:ALL,11230_1_7_8_9_A
Mid1:CLS,11230_1_7_8_9_B
Late1:OPN,11230_1_7_8_9_C
Early1:OPN,11230_10_18_A
Mid1:OPN,11230_10_18_B
Early1:ALL,11240_1_7_8_9_A
Mid1:OPN,11240_1_7_8_9_B
Late1:CLS,11240_1_7_8_9_C
Early1:ALL,11240_10_12_17_18_19_21_A
Late1:OPN,11240_10_12_17_18_19_21_B
Late1:CLS,11240_10_12_17_18_19_21_C
Early1:ALL,11250_1_7_8_9_10_19_A
Mid1:OPN,11250_1_7_8_9_10_19_B
Late1:OPN,11250_1_7_8_9_10_19_C
Late1:CLS,11250_1_7_8_9_10_19_D
Early1:ALL,11250_20_29_30_31_33_A
Mid1:OPN,11250_20_29_30_31_33_B
Late1:CLS,11250_20_29_30_31_33_C
Early1:OPN,11250_6_12_13_15_16_17_18_23_24_25_28_A
Mid1:OPN,11250_6_12_13_15_16_17_18_23_24_25_28_B
Late1:CLS,11250_6_12_13_15_16_17_18_23_24_25_28_C
Early1:ALL,11260_1_7_8_9_10_19_A
Mid1:OPN,11260_1_7_8_9_10_19_B
Late1:OPN,11260_1_7_8_9_10_19_C
Late1:CLS,11260_1_7_8_9_10_19_D
Early1:OPN,11260_13_A
Mid1:OPN,11260_13_B
Late1:CLS,11260_13_C
Late1:OPN,11260_13_D
Late2:CLS,11260_13_E
Early1:ALL,11260_20_29_33_A
Mid1:OPN,11260_20_29_33_B
Late1:CLS,11260_20_29_33_C
Early1:ALL,11260_21_A
Mid1:OPN,11260_21_B
Late1:CLS,11260_21_C
Early1:ALL,11260_22_A
Mid1:OPN,11260_22_B
Late1:OPN,11260_22_C
Late1:CLS,11260_22_D
Early1:OPN,11260_6_12_17_18_28_A
Mid1:OPN,11260_6_12_17_18_28_B
Late1:CLS,11260_6_12_17_18_28_C
Late1:OPN,11260_6_12_17_18_28_D
Late2:CLS,11260_6_12_17_18_28_E
Early1:OPN,11261_16_23_24_A
Mid1:OPN,11261_16_23_24_B
Late1:CLS,11261_16_23_24_C
Late1:OPN,11261_16_23_24_D
Late2:CLS,11261_16_23_24_E
Early1:ALL,11262_16_23_A
Mid1:OPN,11262_16_23_B
Late1:CLS,11262_16_23_C
Early1:ALL,11270_10_12_13_17_18_A
Mid1:OPN,11270_10_12_13_17_18_B
Early1:OPN,11270_14_A
Mid1:OPN,11270_14_B
Early1:ALL,11270_15_A
Mid1:OPN,11270_15_B
Late1:OPN,11270_15_C
Early1:ALL,11270_16_23_24_25_A
Mid1:OPN,11270_16_23_24_25_B
Late1:OPN,11270_16_23_24_25_C
Early1:ALL,11270_21_A
Mid1:OPN,11270_21_B
Early1:ALL,11270_22_A
Mid1:OPN,11270_22_B
Early1:ALL,11270_28_A
Mid1:OPN,11270_28_B
Late1:OPN,11270_28_C
Early1:ALL,11270_7_8_9_A
Mid1:OPN,11270_7_8_9_B
Late1:OPN,11270_7_8_9_C
Early1:ALL,11280_2_3_4_A
Mid1:CLS,11280_2_3_4_B
Late1:CLS,11280_2_3_4_C
Early1:ALL,11290_4_5_A
Mid1:CLS,11290_4_5_B
Early1:OPN,11300_3_4_A
Late1:CLS,11300_3_4_B
Early1:ALL,11310_2_3_4_A
Mid1:CLS,11310_2_3_4_B
Late1:OPN,11310_2_3_4_C
Early1:OPN,11320_31_38_A
Mid1:OPN,11320_31_38_B
Late1:CLS,11320_31_38_C
Early1:OPN,11320_32_34_35_A
Late1:CLS,11320_32_34_35_B
Late2:CLS,11320_32_34_35_C
Early1:OPN,11320_33_A
Late1:CLS,11320_33_B
Late2:CLS,11320_33_C
Early1:OPN,11330_25_A
Late1:OPN,11330_25_B
Early1:ALL,11340_10_A
Late1:CLS,11340_10_B
Early1:ALL,11340_8_9_A
Mid1:CLS,11340_8_9_B
Late1:OPN,11340_8_9_C
Early1:OPN,11350_13_14_A
Mid1:OPN,11350_13_14_B
Early1:OPN,11350_15_28_A
Mid1:OPN,11350_15_28_B
Late1:OPN,11350_15_28_C
Mid1:CLS,11350_15_28_D
Early1:OPN,11350_16_23_24_A
Mid1:OPN,11350_16_23_24_B
Late1:OPN,11350_16_23_24_C
Mid2:CLS,11350_16_23_24_D
Early1:OPN,11350_22_A
Mid1:OPN,11350_22_B
Late1:OPN,11350_22_C
Mid1:CLS,11350_22_D
Early1:OPN,11350_25_A
Mid1:OPN,11350_25_B
Late1:OPN,11350_25_C
Mid1:CLS,11350_25_D
Early1:OPN,11350_7_8_9_10_12_17_18_A
Late1:OPN,11350_7_8_9_10_12_17_18_B
Early1:ALL,11360_6_A
Late1:CLS,11360_6_B
Early1:OPN,11370_3_6_A
Mid1:CLS,11370_3_6_B
Late1:OPN,11370_3_6_C
Early1:ALL,11380_1_A
Late1:CLS,11380_1_B
Early1:ALL,11380_3_5_A
Late1:CLS,11380_3_5_B
Early1:ALL,11380_6_A
Late2:CLS,11380_6_B
Early1:ALL,11390_10_19_A
Mid1:CLS,11390_10_19_B
Late1:CLS,11390_10_19_C
Early1:ALL,11390_18_A
Mid1:CLS,11390_18_B
Mid1:OPN,11390_18_C
Early1:OPN,11390_20_A
Mid1:CLS,11390_20_B
Early1:ALL,11390_21_A
Mid1:CLS,11390_21_B
Late1:CLS,11390_21_C
Early1:ALL,11390_22_A
Mid1:CLS,11390_22_B
Late1:CLS,11390_22_C
Early1:OPN,11390_29_A
Mid1:CLS,11390_29_B
Early1:ALL,11390_8_9_A
Late2:CLS,11390_8_9_B
Late1:CLS,11390_8_9_C
Early1:ALL,11400_10_19_A
Late1:CLS,11400_10_19_B
Early1:ALL,11400_20_A
Late1:CLS,11400_20_B
Early1:ALL,11400_21_A
Late1:CLS,11400_21_B
Early1:ALL,11400_29_A
Late1:CLS,11400_29_B
Early1:ALL,11400_9_A
Late1:OPN,11400_9_B
Early1:ALL,11410_20_A
Mid1:OPN,11410_20_B
Late1:CLS,11410_20_C
Early1:ALL,11410_29_30_A
Mid1:CLS,11410_29_30_B
Early1:OPN,11410_31_A
Mid1:OPN,11410_31_B
Late1:CLS,11410_31_C
Early1:OPN,11410_39_A
Mid1:OPN,11410_39_B
Late1:CLS,11410_39_C
Early1:OPN,11410_40_A
Mid1:OPN,11410_40_B
Late1:CLS,11410_40_C
Early1:ALL,11420_8_A
Mid1:CLS,11420_8_B
Mid1:OPN,11420_8_C
Late1:CLS,11420_8_D
Early1:ALL,11420_9_10_A
Mid1:CLS,11420_9_10_B
Early1:ALL,11430_9_19_21_28_A
Late1:CLS,11430_9_19_21_28_B
Early1:ALL,11440_12_16_19_28_A
Late1:CLS,11440_12_16_19_28_B
Early1:ALL,11440_21_22_A
Late1:CLS,11440_21_22_B
Early1:OPN,11450_13_A
Mid1:CLS,11450_13_B
Late1:OPN,11450_13_C
Early1:OPN,11450_16_A
Mid1:OPN,11450_16_B
Late1:OPN,11450_16_C
Early1:OPN,11450_17_A
Mid1:CLS,11450_17_B
Late1:OPN,11450_17_C
Early1:OPN,11450_20_A
Mid1:OPN,11450_20_B
Late1:OPN,11450_20_C
Early1:OPN,11450_21_A
Mid1:OPN,11450_21_B
Late1:OPN,11450_21_C
Early1:OPN,11450_22_24_28_A
Mid1:OPN,11450_22_24_28_B
Late1:OPN,11450_22_24_28_C
Early1:OPN,11450_29_A
Mid1:OPN,11450_29_B
Early1:OPN,11450_9_10_19_A
Mid1:OPN,11450_9_10_19_B
Late1:OPN,11450_9_10_19_C
Early1:ALL,11460_15_16_23_24_25_28_A
Mid1:CLS,11460_15_16_23_24_25_28_B
Late1:CLS,11460_15_16_23_24_25_28_C
Early1:ALL,11460_26_A
Early1:ALL,11460_27_A
Late1:CLS,11460_27_B
Early1:ALL,11470_27_33_A
Late1:CLS,11470_27_33_B
Early1:ALL,11470_28_A
Mid1:CLS,11470_28_B
Mid1:OPN,11470_28_C
Early1:OPN,11480_20_29_30_A
Late1:CLS,11480_20_29_30_B
Early1:OPN,11480_31_38_A
Mid1:OPN,11480_31_38_B
Late1:CLS,11480_31_38_C
Early1:OPN,11480_32_A
Mid1:CLS,11480_32_B
Late1:ALL,11480_32_C
Early1:OPN,11480_34_35_A
Late1:OPN,11480_34_35_B
Late1:CLS,11480_34_35_C
Early1:OPN,11490_25_A
Late1:CLS,11490_25_B
Late1:OPN,11490_25_C
Early1:OPN,11490_26_A
Mid1:ALL,11490_26_B
Late1:ALL,11490_26_C
Late1:OPN,11490_26_D
Mid1:OPN,11490_27_38_A
Mid2:CLS,11490_27_38_B
Mid3:CLS,11490_27_38_C
Early1:ALL,11490_28_A
Mid1:CLS,11490_28_B
Mid1:OPN,11490_28_C
Late1:OPN,11490_28_D
Mid1:OPN,11490_29_A
Mid2:CLS,11490_29_B
Mid3:CLS,11490_29_C
Mid1:OPN,11490_31_33_A
Mid2:CLS,11490_31_33_B
Mid3:CLS,11490_31_33_C
Early1:OPN,11490_34_35_A
Late1:CLS,11490_34_35_B
Early1:OPN,11500_31_39_40_A
Mid1:CLS,11500_31_39_40_B
Late1:CLS,11500_31_39_40_C
Early1:OPN,11500_38_A
Mid1:CLS,11500_38_B
Late1:CLS,11500_38_C
Early1:OPN,11510_4_5_A
Mid1:OPN,11510_4_5_B
Late1:CLS,11510_4_5_C
Early1:ALL,11520_2_3_7_A
Mid1:ALL,11520_2_3_7_B
Late1:CLS,11520_2_3_7_C
Early1:ALL,11520_4_5_A
Mid1:ALL,11520_4_5_B
Late1:CLS,11520_4_5_C
Early1:ALL,11520_6_A
Mid1:ALL,11520_6_B
Late1:CLS,11520_6_C
Early1:ALL,11530_16_23_24_25_27_A
Mid1:OPN,11530_16_23_24_25_27_B
Late1:OPN,11530_16_23_24_25_27_C
Early1:ALL,11530_20_22_29_30_A
Late1:OPN,11530_20_22_29_30_B
Early1:ALL,11530_28_A
Mid1:OPN,11530_28_B
Late1:OPN,11530_28_C
Early1:ALL,11530_6_10_12_13_17_18_19_21_A
Late1:OPN,11530_6_10_12_13_17_18_19_21_B
Early1:ALL,11530_7_8_9_A
Mid1:OPN,11530_7_8_9_B
Late1:OPN,11530_7_8_9_C
Early1:ALL,11540_1_7_8_9_A
Mid1:ALL,11540_1_7_8_9_B
Late1:ALL,11540_1_7_8_9_C
Early1:ALL,11540_10_19_A
Mid1:OPN,11540_10_19_B
Late1:CLS,11540_10_19_C
Early1:ALL,11540_13_A
Mid1:OPN,11540_13_B
Late1:CLS,11540_13_C
Early1:ALL,11540_18_A
Mid1:OPN,11540_18_B
Late1:CLS,11540_18_C
Early1:ALL,11540_6_12_16_17_A
Mid1:OPN,11540_6_12_16_17_B
Late1:CLS,11540_6_12_16_17_C
Early1:ALL,11550_13_14_A
Mid1:CLS,11550_13_14_B
Mid1:OPN,11550_13_14_C
Late1:CLS,11550_13_14_D
Late2:CLS,11550_13_14_E
Early1:ALL,11550_15_A
Mid1:CLS,11550_15_B
Late1:CLS,11550_15_C
Late2:CLS,11550_15_D
Early1:ALL,11550_25_A
Late1:CLS,11550_25_B
Early1:OPN,11550_26_35_A
Mid1:OPN,11550_26_35_B
Late1:CLS,11550_26_35_C
Early1:ALL,11550_4_A
Mid1:CLS,11550_4_B
Mid2:CLS,11550_4_C
Late1:CLS,11550_4_D
Late2:OPN,11550_4_E
Early1:ALL,11552_13_14_15_A
Mid1:CLS,11552_13_14_15_B
Late1:CLS,11552_13_14_15_C
Early1:ALL,11560_1_2_7_A
Mid1:CLS,11560_1_2_7_B
Late1:CLS,11560_1_2_7_C
Late1:OPN,11560_1_2_7_D
Early1:ALL,11570_1_2_A
Late1:CLS,11570_1_2_B
Late2:OPN,11570_1_2_C
Early1:ALL,11581_1_2_7_A
Mid1:OPN,11581_1_2_7_B
Late1:CLS,11581_1_2_7_C
Early1:ALL,11582_1_2_7_A
Mid1:OPN,11582_1_2_7_B
Late1:CLS,11582_1_2_7_C
Early1:ALL,11590_10_19_A
Mid1:OPN,11590_10_19_B
Late1:CLS,11590_10_19_C
Early1:ALL,11590_12_17_A
Mid1:OPN,11590_12_17_B
Late1:CLS,11590_12_17_C
Early1:ALL,11590_13_A
Mid1:OPN,11590_13_B
Late1:CLS,11590_13_C
Early1:ALL,11590_15_A
Mid1:OPN,11590_15_B
Late1:CLS,11590_15_C
Early1:ALL,11590_16_23_24_26_A
Mid1:CLS,11590_16_23_24_26_B
Early1:ALL,11590_18_A
Mid1:OPN,11590_18_B
Late1:CLS,11590_18_C
Early1:ALL,11590_20_A
Mid1:OPN,11590_20_B
Late1:CLS,11590_20_C
Early1:ALL,11590_21_A
Mid1:OPN,11590_21_B
Late1:CLS,11590_21_C
Early1:ALL,11590_22_A
Mid1:CLS,11590_22_B
Early1:ALL,11590_25_A
Mid1:CLS,11590_25_B
Early1:ALL,11590_27_33_A
Mid1:CLS,11590_27_33_B
Early1:ALL,11590_28_A
Mid1:CLS,11590_28_B
Early1:ALL,11590_29_A
Mid1:OPN,11590_29_B
Late1:CLS,11590_29_C
Early1:ALL,11590_8_9_A
Mid1:ALL,11590_8_9_B
Late1:ALL,11590_8_9_C
Early1:ALL,11600_10_19_A
Mid1:CLS,11600_10_19_B
Early1:ALL,11600_12_17_A
Mid1:CLS,11600_12_17_B
Early1:ALL,11600_15_28_A
Late1:ALL,11600_15_28_B
Early1:ALL,11600_16_A
Mid1:CLS,11600_16_B
Early1:ALL,11600_18_A
Mid1:CLS,11600_18_B
Late1:CLS,11600_18_C
Early1:ALL,11600_20_29_A
Mid1:CLS,11600_20_29_B
Early1:ALL,11600_21_A
Mid1:CLS,11600_21_B
Early1:ALL,11600_23_A
Mid1:CLS,11600_23_B
Early1:ALL,11600_8_9_A
Mid1:ALL,11600_8_9_B
Early1:ALL,11610_21_A
Mid1:CLS,11610_21_B
Late1:CLS,11610_21_C
Early1:ALL,11610_9_10_19_A
Mid1:CLS,11610_9_10_19_B
Late1:CLS,11610_9_10_19_C
Early1:ALL,11620_20_A
Early2:OPN,11620_20_B
Mid1:CLS,11620_20_C
Late1:CLS,11620_20_D
Late2:CLS,11620_20_E
Early1:ALL,11620_22_A
Early1:CLS,11620_22_B
Mid1:CLS,11620_22_C
Late1:OPN,11620_22_D
Late1:CLS,11620_22_E
Early1:ALL,11620_27_33_A
Mid1:OPN,11620_27_33_B
Late1:CLS,11620_27_33_C
Early1:ALL,11620_29_30_A
Mid1:CLS,11620_29_30_B
Late1:CLS,11620_29_30_C
Late2:CLS,11620_29_30_D
Late3:CLS,11620_29_30_E
Early1:ALL,11620_31_39_40_A
Mid1:CLS,11620_31_39_40_B
Late1:CLS,11620_31_39_40_C
Late2:CLS,11620_31_39_40_D
Late3:CLS,11620_31_39_40_E
Early1:OPN,11620_32_35_A
Late1:CLS,11620_32_35_B
Early1:ALL,11620_34_A
Mid1:OPN,11620_34_B
Late1:CLS,11620_34_C
Early1:ALL,11620_38_A
Mid1:CLS,11620_38_B
Late1:CLS,11620_38_C
Late2:CLS,11620_38_D
Late3:CLS,11620_38_E
Early1:ALL,11630_3_4_5_A
Mid1:CLS,11630_3_4_5_B
Mid1:OPN,11630_3_4_5_C
Early1:ALL,11650_1_7_8_A
Late1:OPN,11650_1_7_8_B
Late2:CLS,11650_1_7_8_C
Early1:ALL,11650_9_A
Mid1:CLS,11650_9_B
Mid1:OPN,11650_9_C
Late1:OPN,11650_9_D
Early1:ALL,11660_21_A
Mid1:CLS,11660_21_B
Mid1:OPN,11660_21_C
Late1:OPN,11660_21_D
Late1:CLS,11660_21_E
Early1:ALL,11660_22_A
Mid1:CLS,11660_22_B
Mid1:OPN,11660_22_C
Late1:OPN,11660_22_D
Late1:CLS,11660_22_E
Early1:ALL,11660_29_A
Mid1:CLS,11660_29_B
Mid1:OPN,11660_29_C
Late1:OPN,11660_29_D
Late1:CLS,11660_29_E
Early1:ALL,11660_9_10_19_A
Mid1:CLS,11660_9_10_19_B
Mid1:OPN,11660_9_10_19_C
Late1:OPN,11660_9_10_19_D
Late1:CLS,11660_9_10_19_E
Early1:ALL,11662_19_A
Mid1:CLS,11662_19_B
Mid1:OPN,11662_19_C
Late1:OPN,11662_19_D
Early1:ALL,11670_1_7_9_A
Late1:CLS,11670_1_7_9_B
Late1:OPN,11670_1_7_9_C
Early1:ALL,11670_10_19_A
Mid1:CLS,11670_10_19_B
Mid1:OPN,11670_10_19_C
Late1:CLS,11670_10_19_D
Early1:ALL,11670_21_A
Mid1:CLS,11670_21_B
Mid1:OPN,11670_21_C
Late1:CLS,11670_21_D
Early1:ALL,11700_2_3_7_A
Mid1:OPN,11700_2_3_7_B
Late1:OPN,11700_2_3_7_C
Early1:ALL,11710_1_A
Late1:CLS,11710_1_B
Early1:ALL,11710_7_A
Late1:CLS,11710_7_B
Early1:ALL,11720_7_A
Mid1:CLS,11720_7_B
Mid1:OPN,11720_7_C
Late1:OPN,11720_7_D
Late1:CLS,11720_7_E
Early1:ALL,11730_1_7_A
Late1:CLS,11730_1_7_B
Early1:ALL,11740_1_7_A
Mid1:CLS,11740_1_7_B
Mid1:OPN,11740_1_7_C
Late1:OPN,11740_1_7_D
Late1:CLS,11740_1_7_E
Early1:ALL,11770_3_A
Mid1:OPN,11770_3_B
Late1:CLS,11770_3_C
Early1:ALL,11770_4_A
Mid1:OPN,11770_4_B
Late1:CLS,11770_4_C
Early1:ALL,11780_1_2_7_A
Mid1:CLS,11780_1_2_7_B
Late1:CLS,11780_1_2_7_C
Early1:ALL,11790_31_A
Mid1:OPN,11790_31_B
Late1:CLS,11790_31_C
Early1:ALL,11791_29_30_A
Mid1:CLS,11791_29_30_B
Mid1:OPN,11791_29_30_C
Late1:OPN,11791_29_30_D
Late1:CLS,11791_29_30_E
Early1:ALL,11792_29_30_A
Mid1:CLS,11792_29_30_B
Mid1:OPN,11792_29_30_C
Late1:OPN,11792_29_30_D
Late1:CLS,11792_29_30_E
Early1:ALL,13010_40_A
Mid1:CLS,13010_40_B
Late1:CLS,13010_40_C
Late2:CLS,13010_40_D
Early1:ALL,13020_40_A
Early2:ALL,13020_40_B
Mid1:CLS,13020_40_C
Late1:CLS,13020_40_D
Mid2:CLS,13020_40_E
Early1:ALL,13020_63_A
Early2:ALL,13020_63_B
Mid1:CLS,13020_63_C
Late1:CLS,13020_63_D
Mid2:CLS,13020_63_E
Early1:ALL,13020_64_A
Early2:ALL,13020_64_B
Mid1:CLS,13020_64_C
Late1:CLS,13020_64_D
Mid2:CLS,13020_64_E
Early1:ALL,13020_65_66_A
Early2:ALL,13020_65_66_B
Mid1:CLS,13020_65_66_C
Late1:CLS,13020_65_66_D
Mid2:CLS,13020_65_66_E
Early1:ALL,13022_41_50_51_A
Early2:ALL,13022_41_50_51_B
Mid1:CLS,13022_41_50_51_C
Late1:CLS,13022_41_50_51_D
Mid2:CLS,13022_41_50_51_E
Early1:ALL,13023_51_A
Early2:ALL,13023_51_B
Mid1:CLS,13023_51_C
Late1:CLS,13023_51_D
Mid2:CLS,13023_51_E
Early1:ALL,13030_60_A
Mid1:OPN,13030_60_B
Mid2:OPN,13030_60_C
Late1:CLS,13030_60_D
Late2:CLS,13030_60_E
Early1:ALL,13030_61_63_64_65_66_A
Mid1:OPN,13030_61_63_64_65_66_B
Mid2:OPN,13030_61_63_64_65_66_C
Late1:CLS,13030_61_63_64_65_66_D
Late2:CLS,13030_61_63_64_65_66_E
Early1:ALL,13030_62_A
Mid1:OPN,13030_62_B
Mid2:OPN,13030_62_C
Late1:CLS,13030_62_D
Late2:CLS,13030_62_E
Early1:ALL,13040_32_43_44_49_A
Mid1:CLS,13040_32_43_44_49_B
Mid1:OPN,13040_32_43_44_49_C
Late1:OPN,13040_32_43_44_49_D
Late1:CLS,13040_32_43_44_49_E
Early1:ALL,13050_47_48_A
Mid1:CLS,13050_47_48_B
Mid1:OPN,13050_47_48_C
Late1:CLS,13050_47_48_D
Late2:CLS,13050_47_48_E
Early1:ALL,13050_49_A
Mid1:OPN,13050_49_B
Late1:OPN,13050_49_C
Late2:CLS,13050_49_D
Late3:CLS,13050_49_E
Early1:ALL,13050_53_A
Mid1:CLS,13050_53_B
Mid1:OPN,13050_53_C
Late1:CLS,13050_53_D
Late2:CLS,13050_53_E
Early1:ALL,13060_47_48_A
Mid1:CLS,13060_47_48_B
Mid1:OPN,13060_47_48_C
Late1:OPN,13060_47_48_D
Late1:CLS,13060_47_48_E
Early1:ALL,13070_46_47_48_A
Mid1:CLS,13070_46_47_48_B
Mid1:OPN,13070_46_47_48_C
Late1:OPN,13070_46_47_48_D
Late1:CLS,13070_46_47_48_E
Early1:ALL,13080_32_35_A
Mid2:CLS,13080_32_35_B
Mid1:OPN,13080_32_35_C
Late1:OPN,13080_32_35_D
Late2:CLS,13080_32_35_E
Early1:ALL,13080_38_43_44_A
Mid2:CLS,13080_38_43_44_B
Mid1:OPN,13080_38_43_44_C
Late1:OPN,13080_38_43_44_D
Late2:CLS,13080_38_43_44_E
Early1:ALL,13090_53_57_A
Mid1:CLS,13090_53_57_B
Mid1:OPN,13090_53_57_C
Late1:OPN,13090_53_57_D
Late1:CLS,13090_53_57_E
Early1:ALL,13100_38_42_43_A
Mid1:OPN,13100_38_42_43_B
Mid2:OPN,13100_38_42_43_C
Mid3:CLS,13100_38_42_43_D
Late1:CLS,13100_38_42_43_E
Early1:ALL,13100_39_A
Mid1:OPN,13100_39_B
Mid2:OPN,13100_39_C
Mid3:CLS,13100_39_D
Late2:CLS,13100_39_E
Early1:ALL,13100_41_62_A
Mid1:OPN,13100_41_62_B
Mid2:OPN,13100_41_62_C
Mid3:CLS,13100_41_62_D
Late1:CLS,13100_41_62_E
Early1:ALL,13100_44_50_A
Mid1:OPN,13100_44_50_B
Mid2:OPN,13100_44_50_C
Mid3:CLS,13100_44_50_D
Late2:CLS,13100_44_50_E
Early1:ALL,13100_47_A
Mid1:OPN,13100_47_B
Mid2:OPN,13100_47_C
Late1:OPN,13100_47_D
Late2:CLS,13100_47_E
Early1:ALL,13100_49_A
Mid1:OPN,13100_49_B
Mid2:OPN,13100_49_C
Mid3:CLS,13100_49_D
Late1:CLS,13100_49_E
Early1:ALL,13100_51_A
Mid1:OPN,13100_51_B
Mid2:OPN,13100_51_C
Late1:OPN,13100_51_D
Late2:CLS,13100_51_E
Early1:ALL,13100_52_A
Mid1:OPN,13100_52_B
Mid2:OPN,13100_52_C
Mid3:CLS,13100_52_D
Late1:CLS,13100_52_E
Early1:ALL,13110_39_A
Mid1:OPN,13110_39_B
Mid2:OPN,13110_39_C
Late1:CLS,13110_39_D
Late2:CLS,13110_39_E
Early1:ALL,13110_42_43_A
Mid1:OPN,13110_42_43_B
Mid2:OPN,13110_42_43_C
Late1:OPN,13110_42_43_D
Late2:CLS,13110_42_43_E
Early1:ALL,13110_44_A
Mid1:OPN,13110_44_B
Mid2:OPN,13110_44_C
Late1:CLS,13110_44_D
Late2:CLS,13110_44_E
Early1:ALL,13110_49_A
Mid1:OPN,13110_49_B
Mid2:OPN,13110_49_C
Late1:OPN,13110_49_D
Late2:CLS,13110_49_E
Early1:ALL,13110_50_A
Mid1:OPN,13110_50_B
Mid2:OPN,13110_50_C
Late1:CLS,13110_50_D
Late2:CLS,13110_50_E
Early1:ALL,13110_51_A
Mid1:OPN,13110_51_B
Mid2:OPN,13110_51_C
Late1:OPN,13110_51_D
Late2:CLS,13110_51_E
Early1:ALL,13110_52_A
Mid1:OPN,13110_52_B
Mid2:OPN,13110_52_C
Late1:OPN,13110_52_D
Late2:CLS,13110_52_E
Early1:ALL,13120_44_A
Mid1:CLS,13120_44_B
Mid1:OPN,13120_44_C
Late1:OPN,13120_44_D
Late2:CLS,13120_44_E
Early1:ALL,13130_47_50_51_A
Mid1:ALL,13130_47_50_51_B
Mid2:CLS,13130_47_50_51_C
Late1:CLS,13130_47_50_51_D
Early1:ALL,13130_49_52_62_A
Mid1:ALL,13130_49_52_62_B
Mid2:CLS,13130_49_52_62_C
Late1:CLS,13130_49_52_62_D
Early1:ALL,13140_38_39_40_41_42_43_44_50_A
Mid1:ALL,13140_38_39_40_41_42_43_44_50_B
Mid2:CLS,13140_38_39_40_41_42_43_44_50_C
Late1:CLS,13140_38_39_40_41_42_43_44_50_D
Early1:ALL,13140_49_A
Mid1:ALL,13140_49_B
Mid2:CLS,13140_49_C
Late1:CLS,13140_49_D
Early1:ALL,13150_48_53_57_59_61_A
Mid1:CLS,13150_48_53_57_59_61_B
Mid1:OPN,13150_48_53_57_59_61_C
Late1:OPN,13150_48_53_57_59_61_D
Late1:CLS,13150_48_53_57_59_61_E
Early1:ALL,13160_54_57_59_61_A
Mid1:CLS,13160_54_57_59_61_B
Mid1:OPN,13160_54_57_59_61_C
Late1:OPN,13160_54_57_59_61_D
Late1:CLS,13160_54_57_59_61_E
Early1:ALL,13160_60_A
Mid1:CLS,13160_60_B
Mid1:OPN,13160_60_C
Late1:OPN,13160_60_D
Late1:CLS,13160_60_E
Early1:ALL,13170_48_53_A
Mid1:CLS,13170_48_53_B
Mid1:OPN,13170_48_53_C
Late1:CLS,13170_48_53_D
Late2:CLS,13170_48_53_E
Early1:ALL,13170_57_61_A
Mid1:CLS,13170_57_61_B
Mid1:OPN,13170_57_61_C
Late1:OPN,13170_57_61_D
Late1:CLS,13170_57_61_E
Early1:ALL,13170_62_A
Mid1:OPN,13170_62_B
Late1:OPN,13170_62_C
Late2:CLS,13170_62_D
Early1:ALL,13180_48_53_A
Mid1:CLS,13180_48_53_B
Late1:OPN,13180_48_53_C
Late1:CLS,13180_48_53_D
Early1:ALL,13180_57_59_61_A
Mid1:CLS,13180_57_59_61_B
Mid1:OPN,13180_57_59_61_C
Late1:OPN,13180_57_59_61_D
Late1:CLS,13180_57_59_61_E
Early1:ALL,13200_48_57_61_A
Mid1:CLS,13200_48_57_61_B
Mid1:OPN,13200_48_57_61_C
Late1:OPN,13200_48_57_61_D
Late1:CLS,13200_48_57_61_E
Early1:ALL,13210_47_48_53_57_A
Mid1:CLS,13210_47_48_53_57_B
Late1:CLS,13210_47_48_53_57_C
Late2:CLS,13210_47_48_53_57_D
Early1:ALL,13210_49_A
Mid1:CLS,13210_49_B
Late1:CLS,13210_49_C
Early1:ALL,13210_61_63_A
Mid1:CLS,13210_61_63_B
Late1:OPN,13210_61_63_C
Late1:CLS,13210_61_63_D
Late2:CLS,13210_61_63_E
Early1:ALL,13210_62_A
Mid1:CLS,13210_62_B
Late1:CLS,13210_62_C
Early1:ALL,13220_45_A
Mid1:CLS,13220_45_B
Late1:OPN,13220_45_C
Late1:CLS,13220_45_D
Early1:ALL,13230_32_36_37_44_45_98_A
Mid1:CLS,13230_32_36_37_44_45_98_B
Mid1:OPN,13230_32_36_37_44_45_98_C
Late1:OPN,13230_32_36_37_44_45_98_D
Late1:CLS,13230_32_36_37_44_45_98_E
Early1:ALL,13240_60_65_66_A
Mid1:CLS,13240_60_65_66_B
Mid1:OPN,13240_60_65_66_C
Late1:OPN,13240_60_65_66_D
Late1:CLS,13240_60_65_66_E
Early1:ALL,13250_46_47_48_A
Mid1:CLS,13250_46_47_48_B
Mid1:OPN,13250_46_47_48_C
Late1:OPN,13250_46_47_48_D
Late1:CLS,13250_46_47_48_E
Early1:ALL,13260_47_A
Mid1:CLS,13260_47_B
Mid1:OPN,13260_47_C
Late1:OPN,13260_47_D
Late1:CLS,13260_47_E
Early1:ALL,13260_49_A
Mid1:OPN,13260_49_B
Late1:OPN,13260_49_C
Late2:CLS,13260_49_D
Early1:ALL,13270_45_46_47_A
Mid1:CLS,13270_45_46_47_B
Mid1:OPN,13270_45_46_47_C
Late1:OPN,13270_45_46_47_D
Late1:CLS,13270_45_46_47_E
Early1:ALL,13280_46_99_A
Mid1:CLS,13280_46_99_B
Mid1:OPN,13280_46_99_C
Late1:OPN,13280_46_99_D
Late1:CLS,13280_46_99_E
Early1:ALL,13290_45_46_99_A
Mid1:CLS,13290_45_46_99_B
Mid1:OPN,13290_45_46_99_C
Late1:OPN,13290_45_46_99_D
Late1:CLS,13290_45_46_99_E
Early1:ALL,13300_46_48_54_55_56_99_A
Mid1:CLS,13300_46_48_54_55_56_99_B
Mid1:OPN,13300_46_48_54_55_56_99_C
Late1:OPN,13300_46_48_54_55_56_99_D
Late1:CLS,13300_46_48_54_55_56_99_E
Early1:ALL,13310_39_40_41_A
Mid1:ALL,13310_39_40_41_B
Late1:ALL,13310_39_40_41_C
Early1:ALL,13330_56_A
Mid1:CLS,13330_56_B
Mid1:OPN,13330_56_C
Late1:OPN,13330_56_D
Late1:CLS,13330_56_E
Early1:ALL,13340_32_43_44_A
Mid1:CLS,13340_32_43_44_B
Late1:CLS,13340_32_43_44_C
Early1:ALL,13350_55_58_60_A
Mid1:CLS,13350_55_58_60_B
Mid1:OPN,13350_55_58_60_C
Late1:OPN,13350_55_58_60_D
Late1:CLS,13350_55_58_60_E
Early1:ALL,13360_56_A
Mid1:OPN,13360_56_B
Mid2:CLS,13360_56_C
Late1:CLS,13360_56_D
Late2:CLS,13360_56_E
Early1:ALL,13370_56_A
Mid1:OPN,13370_56_B
Mid1:CLS,13370_56_C
Late1:CLS,13370_56_D
Late2:CLS,13370_56_E
Early1:ALL,13380_36_A
Late1:CLS,13380_36_B
Early1:ALL,13390_36_37_98_A
Mid1:CLS,13390_36_37_98_B
Mid1:OPN,13390_36_37_98_C
Early1:OPN,13400_61_A
Mid1:OPN,13400_61_B
Late1:OPN,13400_61_C
Early1:ALL,13420_59_A
Mid1:CLS,13420_59_B
Mid1:OPN,13420_59_C
Late1:OPN,13420_59_D
Late1:CLS,13420_59_E
Early1:ALL,13430_54_55_A
Mid1:CLS,13430_54_55_B
Mid1:OPN,13430_54_55_C
Late1:OPN,13430_54_55_D
Late1:CLS,13430_54_55_E
Early1:ALL,13430_58_60_A
Mid1:CLS,13430_58_60_B
Mid1:OPN,13430_58_60_C
Late1:OPN,13430_58_60_D
Late1:CLS,13430_58_60_E
Early1:ALL,13440_41_A
Early2:CLS,13440_41_B
Mid1:CLS,13440_41_C
Mid2:CLS,13440_41_D
Late1:CLS,13440_41_E
Early1:ALL,13440_66_A
Mid1:CLS,13440_66_B
Mid2:CLS,13440_66_C
Late1:CLS,13440_66_D
Late2:CLS,13440_66_E
Early1:ALL,13441_51_A
Mid1:OPN,13441_51_B
Mid2:OPN,13441_51_C
Late1:CLS,13441_51_D
Early1:ALL,13442_51_A
Mid1:CLS,13442_51_B
Mid2:CLS,13442_51_C
Late1:CLS,13442_51_D
Early1:ALL,13460_54_55_58_A
Mid1:CLS,13460_54_55_58_B
Mid1:OPN,13460_54_55_58_C
Late1:OPN,13460_54_55_58_D
Late1:CLS,13460_54_55_58_E
Early1:ALL,13470_55_58_60_A
Mid1:CLS,13470_55_58_60_B
Mid1:OPN,13470_55_58_60_C
Late1:OPN,13470_55_58_60_D
Late1:CLS,13470_55_58_60_E
Early1:ALL,13480_37_45_98_A
Mid1:CLS,13480_37_45_98_B
Mid1:OPN,13480_37_45_98_C
Late1:OPN,13480_37_45_98_D
Late1:CLS,13480_37_45_98_E
Early1:ALL,13490_46_48_54_55_99_A
Mid1:CLS,13490_46_48_54_55_99_B
Mid1:OPN,13490_46_48_54_55_99_C
Late1:OPN,13490_46_48_54_55_99_D
Late1:CLS,13490_46_48_54_55_99_E
Early1:ALL,13500_57_A
Mid1:CLS,13500_57_B
Mid1:OPN,13500_57_C
Late1:OPN,13500_57_D
Late1:CLS,13500_57_E
Early1:ALL,13500_61_A
Mid1:CLS,13500_61_B
Mid1:OPN,13500_61_C
Late1:CLS,13500_61_D
Early1:ALL,13510_48_54_59_A
Mid1:CLS,13510_48_54_59_B
Mid1:OPN,13510_48_54_59_C
Late1:OPN,13510_48_54_59_D
Late1:CLS,13510_48_54_59_E
Early1:ALL,13520_53_54_57_59_60_61_A
Mid1:CLS,13520_53_54_57_59_60_61_B
Mid1:OPN,13520_53_54_57_59_60_61_C
Late1:OPN,13520_53_54_57_59_60_61_D
Late1:CLS,13520_53_54_57_59_60_61_E
Early1:ALL,13530_46_48_53_54_57_59_60_61_A
Mid1:CLS,13530_46_48_53_54_57_59_60_61_B
Mid1:OPN,13530_46_48_53_54_57_59_60_61_C
Late1:OPN,13530_46_48_53_54_57_59_60_61_D
Late1:CLS,13530_46_48_53_54_57_59_60_61_E
Early1:ALL,13530_47_A
Mid1:CLS,13530_47_B
Mid1:OPN,13530_47_C
Late1:OPN,13530_47_D
Late1:CLS,13530_47_E
Early1:ALL,13540_64_66_A
Mid1:OPN,13540_64_66_B
Mid2:CLS,13540_64_66_C
Late1:CLS,13540_64_66_D
Late2:CLS,13540_64_66_E
Early1:ALL,13550_60_65_A
Mid1:OPN,13550_60_65_B
Mid2:CLS,13550_60_65_C
Late1:CLS,13550_60_65_D
Late2:CLS,13550_60_65_E
Early1:ALL,13560_55_56_99_A
Mid1:CLS,13560_55_56_99_B
Mid1:OPN,13560_55_56_99_C
Late1:OPN,13560_55_56_99_D
Late1:CLS,13560_55_56_99_E
Early1:ALL,13570_46_47_55_58_99_A
Mid1:CLS,13570_46_47_55_58_99_B
Mid1:OPN,13570_46_47_55_58_99_C
Late1:OPN,13570_46_47_55_58_99_D
Late1:CLS,13570_46_47_55_58_99_E
Early1:ALL,13580_35_36_A
Mid1:CLS,13580_35_36_B
Mid1:OPN,13580_35_36_C
Late1:OPN,13580_35_36_D
Late1:CLS,13580_35_36_E
Early1:ALL,13600_56_A
Mid1:CLS,13600_56_B
Mid1:OPN,13600_56_C
Late1:OPN,13600_56_D
Late1:CLS,13600_56_E
Early1:ALL,13610_58_60_A
Mid1:CLS,13610_58_60_B
Mid1:OPN,13610_58_60_C
Late1:OPN,13610_58_60_D
Late1:CLS,13610_58_60_E
Early1:ALL,13620_41_50_A
Mid1:OPN,13620_41_50_B
Mid2:CLS,13620_41_50_C
Late1:CLS,13620_41_50_D
Late2:OPN,13620_41_50_E
Early1:ALL,13620_51_63_64_65_66_A
Mid1:CLS,13620_51_63_64_65_66_B
Mid2:OPN,13620_51_63_64_65_66_C
Late1:CLS,13620_51_63_64_65_66_D
Early1:ALL,13622_41_50_A
Mid1:CLS,13622_41_50_B
Mid2:CLS,13622_41_50_C
Late1:CLS,13622_41_50_D
Late2:CLS,13622_41_50_E
Early1:ALL,13630_47_53_A
Mid1:CLS,13630_47_53_B
Mid1:OPN,13630_47_53_C
Late1:OPN,13630_47_53_D
Late2:CLS,13630_47_53_E
Early1:ALL,13640_32_44_49_A
Mid1:CLS,13640_32_44_49_B
Mid1:OPN,13640_32_44_49_C
Late1:OPN,13640_32_44_49_D
Late2:CLS,13640_32_44_49_E
Early1:CLS,13651_40_41_50_A
Early2:CLS,13651_40_41_50_B
Mid1:CLS,13651_40_41_50_C
Late1:CLS,13651_40_41_50_D
Early1:CLS,13651_51_A
Early2:CLS,13651_51_B
Mid1:CLS,13651_51_C
Late1:CLS,13651_51_D
Early1:CLS,13652_41_A
Early2:CLS,13652_41_B
Mid1:CLS,13652_41_C
Late1:CLS,13652_41_D
Early1:CLS,13652_51_A
Early2:CLS,13652_51_B
Mid1:CLS,13652_51_C
Late1:CLS,13652_51_D
Early1:ALL,13653_41_A
Mid1:CLS,13653_41_B
Late1:CLS,13653_41_C
Late2:CLS,13653_41_D
Late3:CLS,13653_41_E
Early1:ALL,13660_50_A
Early2:CLS,13660_50_B
Mid1:CLS,13660_50_C
Late1:CLS,13660_50_D
Early1:ALL,13660_51_63_64_65_66_A
Early2:CLS,13660_51_63_64_65_66_B
Mid1:CLS,13660_51_63_64_65_66_C
Late1:CLS,13660_51_63_64_65_66_D
Early1:ALL,13670_32_44_A
Mid1:CLS,13670_32_44_B
Mid1:OPN,13670_32_44_C
Late1:OPN,13670_32_44_D
Late1:CLS,13670_32_44_E
Early1:ALL,13680_46_48_54_57_59_60_61_A
Mid1:CLS,13680_46_48_54_57_59_60_61_B
Mid1:OPN,13680_46_48_54_57_59_60_61_C
Late1:OPN,13680_46_48_54_57_59_60_61_D
Late1:CLS,13680_46_48_54_57_59_60_61_E
Early1:ALL,13690_60_61_63_64_65_66_A
Mid1:CLS,13690_60_61_63_64_65_66_B
Mid1:OPN,13690_60_61_63_64_65_66_C
Late1:OPN,13690_60_61_63_64_65_66_D
Late1:CLS,13690_60_61_63_64_65_66_E
Early1:ALL,13700_53_61_62_A
Mid1:CLS,13700_53_61_62_B
Mid1:OPN,13700_53_61_62_C
Late1:CLS,13700_53_61_62_D
Early1:ALL,13700_60_63_64_65_66_A
Mid1:CLS,13700_60_63_64_65_66_B
Mid1:OPN,13700_60_63_64_65_66_C
Late1:CLS,13700_60_63_64_65_66_D
Early1:ALL,13710_32_36_37_45_98_A
Mid1:CLS,13710_32_36_37_45_98_B
Mid1:OPN,13710_32_36_37_45_98_C
Late1:OPN,13710_32_36_37_45_98_D
Late1:CLS,13710_32_36_37_45_98_E
Early1:ALL,13710_44_A
Mid1:CLS,13710_44_B
Mid1:OPN,13710_44_C
Late1:OPN,13710_44_D
Late1:CLS,13710_44_E
Early1:ALL,13720_46_99_A
Mid1:CLS,13720_46_99_B
Mid1:OPN,13720_46_99_C
Late1:OPN,13720_46_99_D
Late1:CLS,13720_46_99_E
Early1:ALL,13730_63_64_A
Mid1:CLS,13730_63_64_B
Mid2:OPN,13730_63_64_C
Late1:CLS,13730_63_64_D
Late2:CLS,13730_63_64_E
Early1:ALL,13730_65_66_A
Mid1:CLS,13730_65_66_B
Mid2:OPN,13730_65_66_C
Late1:CLS,13730_65_66_D
Late2:CLS,13730_65_66_E
Early1:ALL,13740_64_65_66_A
Mid1:CLS,13740_64_65_66_B
Mid2:CLS,13740_64_65_66_C
Late1:CLS,13740_64_65_66_D
Late2:CLS,13740_64_65_66_E
Early1:ALL,13750_60_A
Mid1:OPN,13750_60_B
Mid2:OPN,13750_60_C
Late1:OPN,13750_60_D
Late2:CLS,13750_60_E
Early1:ALL,13760_48_53_57_61_A
Mid1:CLS,13760_48_53_57_61_B
Mid1:OPN,13760_48_53_57_61_C
Late1:OPN,13760_48_53_57_61_D
Late1:CLS,13760_48_53_57_61_E
Early1:OPN,13770_60_61_63_64_65_66_A
Mid1:OPN,13770_60_61_63_64_65_66_B
Late1:CLS,13770_60_61_63_64_65_66_C
Late1:OPN,13770_60_61_63_64_65_66_D
Early1:ALL,13780_37_44_A
Mid1:CLS,13780_37_44_B
Mid1:OPN,13780_37_44_C
Late1:OPN,13780_37_44_D
Late1:CLS,13780_37_44_E
Early1:ALL,13790_60_65_A
Mid1:CLS,13790_60_65_B
Mid2:ALL,13790_60_65_C
Late1:OPN,13790_60_65_D
Late1:CLS,13790_60_65_E
Early1:ALL,13800_55_99_A
Mid1:CLS,13800_55_99_B
Mid1:OPN,13800_55_99_C
Late1:OPN,13800_55_99_D
Late1:CLS,13800_55_99_E
Early1:ALL,13810_45_A
Mid1:CLS,13810_45_B
Mid1:OPN,13810_45_C
Late1:OPN,13810_45_D
Late1:CLS,13810_45_E
Early1:ALL,13820_55_58_A
Mid1:CLS,13820_55_58_B
Mid1:OPN,13820_55_58_C
Late1:OPN,13820_55_58_D
Late1:CLS,13820_55_58_E
Early1:ALL,13830_32_35_36_A
Mid1:CLS,13830_32_35_36_B
Mid1:OPN,13830_32_35_36_C
Late1:OPN,13830_32_35_36_D
Late1:CLS,13830_32_35_36_E
Early1:ALL,13840_98_A
Mid1:CLS,13840_98_B
Mid1:OPN,13840_98_C
Late1:OPN,13840_98_D
Late1:CLS,13840_98_E
Early1:ALL,13850_20_A
Mid1:ALL,13850_20_B
Late1:ALL,13850_20_C
Early1:ALL,13850_29_30_A
Mid1:ALL,13850_29_30_B
Late1:ALL,13850_29_30_C
Early1:ALL,13850_31_39_40_42_A
Mid1:ALL,13850_31_39_40_42_B
Late1:ALL,13850_31_39_40_42_C
Early1:OPN,13860_66_A
Late1:OPN,13860_66_B
Early1:ALL,13870_55_56_A
Mid1:CLS,13870_55_56_B
Mid1:OPN,13870_55_56_C
Late1:OPN,13870_55_56_D
Late1:CLS,13870_55_56_E
Early1:OPN,13890_64_66_A
Early2:OPN,13890_64_66_B
Mid1:OPN,13890_64_66_C
Late1:OPN,13890_64_66_D
Early1:OPN,13900_35_36_A
Mid1:CLS,13900_35_36_B
Late1:CLS,13900_35_36_C
Early1:CLS,13920_35_A
Early1:CLS,13920_36_A
Early1:ALL,13930_26_34_A
Mid1:OPN,13930_26_34_B
Late1:OPN,13930_26_34_C
Early1:ALL,13930_32_35_A
Mid1:OPN,13930_32_35_B
Late1:CLS,13930_32_35_C
Early1:ALL,13940_39_40_41_A
Late1:OPN,13940_39_40_41_B
Late2:OPN,13940_39_40_41_C
Late3:CLS,13940_39_40_41_D
Early1:ALL,13940_42_A
Late1:OPN,13940_42_B
Late2:OPN,13940_42_C
Late3:CLS,13940_42_D
Early1:ALL,13940_44_49_A
Late1:OPN,13940_44_49_B
Late2:OPN,13940_44_49_C
Late3:CLS,13940_44_49_D
Early1:OPN,13940_50_51_A
Mid1:OPN,13940_50_51_B
Late1:OPN,13940_50_51_C
Late2:OPN,13940_50_51_D
Late3:CLS,13940_50_51_E
Early1:ALL,13940_52_A
Late1:OPN,13940_52_B
Late2:OPN,13940_52_C
Late3:CLS,13940_52_D
Early1:ALL,13950_41_42_43_49_52_A
Late1:OPN,13950_41_42_43_49_52_B
Late2:OPN,13950_41_42_43_49_52_C
Late3:CLS,13950_41_42_43_49_52_D
Early1:ALL,13950_50_A
Mid1:OPN,13950_50_B
Late1:OPN,13950_50_C
Late2:OPN,13950_50_D
Late3:CLS,13950_50_E
Early1:ALL,13950_51_A
Mid1:OPN,13950_51_B
Late1:OPN,13950_51_C
Late2:OPN,13950_51_D
Late3:CLS,13950_51_E
Early1:ALL,13970_48_A
Mid1:CLS,13970_48_B
Mid1:OPN,13970_48_C
Late1:OPN,13970_48_D
Late1:CLS,13970_48_E
Early1:ALL,14000_60_61_A
Mid1:OPN,14000_60_61_B
Late1:CLS,14000_60_61_C
Late2:CLS,14000_60_61_D
Early1:ALL,14000_63_A
Mid1:OPN,14000_63_B
Late1:CLS,14000_63_C
Late2:CLS,14000_63_D
Early1:ALL,14000_64_A
Mid1:OPN,14000_64_B
Late1:CLS,14000_64_C
Late2:CLS,14000_64_D
Early1:ALL,14010_43_44_47_48_53_A
Mid1:CLS,14010_43_44_47_48_53_B
Mid1:OPN,14010_43_44_47_48_53_C
Late1:OPN,14010_43_44_47_48_53_D
Late1:CLS,14010_43_44_47_48_53_E
Early1:ALL,14010_49_A
Mid1:CLS,14010_49_B
Mid1:OPN,14010_49_C
Late1:OPN,14010_49_D
Late1:CLS,14010_49_E
Early1:ALL,14071_41_50_51_A
Mid1:CLS,14071_41_50_51_B
Mid2:OPN,14071_41_50_51_C
Late1:OPN,14071_41_50_51_D
Late2:CLS,14071_41_50_51_E
Early1:ALL,14072_41_50_51_A
Mid1:OPN,14072_41_50_51_B
Late1:OPN,14072_41_50_51_C
Late1:CLS,14072_41_50_51_D
Early1:ALL,14080_48_A
Mid1:CLS,14080_48_B
Mid1:OPN,14080_48_C
Late1:OPN,14080_48_D
Late1:CLS,14080_48_E
Early1:ALL,14090_50_64_A
Mid1:OPN,14090_50_64_B
Late1:CLS,14090_50_64_C
Early1:OPN,14100_35_A
Mid1:OPN,14100_35_B
Late1:OPN,14100_35_C
Early1:OPN,14110_49_51_52_A
Early2:OPN,14110_49_51_52_B
Late1:CLS,14110_49_51_52_C
Early1:OPN,14120_39_40_41_42_43_50_51_A
Mid1:ALL,14120_39_40_41_42_43_50_51_B
Mid2:ALL,14120_39_40_41_42_43_50_51_C
Early1:OPN,14120_49_A
Mid1:ALL,14120_49_B
Mid2:ALL,14120_49_C
Early1:OPN,14120_52_A
Mid1:ALL,14120_52_B
Mid2:ALL,14120_52_C
Early1:ALL,14130_47_A
Mid1:CLS,14130_47_B
Mid1:OPN,14130_47_C
Late1:OPN,14130_47_D
Late1:CLS,14130_47_E
Early1:ALL,14140_57_A
Mid1:CLS,14140_57_B
Mid1:OPN,14140_57_C
Late1:OPN,14140_57_D
Late1:CLS,14140_57_E
Early1:ALL,14151_44_A
Early2:ALL,14151_44_B
Late1:OPN,14151_44_C
Early1:ALL,14152_44_A
Mid2:CLS,14152_44_B
Mid1:OPN,14152_44_C
Late1:OPN,14152_44_D
Late2:CLS,14152_44_E
Early1:ALL,14160_48_A
Mid1:CLS,14160_48_B
Mid1:OPN,14160_48_C
Late1:OPN,14160_48_D
Late1:CLS,14160_48_E
Early1:ALL,14170_48_A
Mid1:CLS,14170_48_B
Mid1:OPN,14170_48_C
Late1:OPN,14170_48_D
Late1:CLS,14170_48_E
Early1:ALL,14180_47_A
Mid1:CLS,14180_47_B
Late1:OPN,14180_47_C
Late2:CLS,14180_47_D
Early1:ALL,14200_39_40_42_A
Mid1:CLS,14200_39_40_42_B
Late1:CLS,14200_39_40_42_C
Late1:ALL,14200_39_40_42_D
Early1:OPN,14200_41_A
Mid1:OPN,14200_41_B
Late1:ALL,14200_41_C
Early1:OPN,14210_31_38_42_43_44_50_51_A
Mid1:OPN,14210_31_38_42_43_44_50_51_B
Late1:ALL,14210_31_38_42_43_44_50_51_C
Early1:OPN,14210_49_52_A
Mid1:OPN,14210_49_52_B
Late1:ALL,14210_49_52_C
Early1:ALL,14220_32_35_36_37_A
Mid1:OPN,14220_32_35_36_37_B
Late1:CLS,14220_32_35_36_37_C
Early1:ALL,14230_32_35_A
Mid1:CLS,14230_32_35_B
Mid1:OPN,14230_32_35_C
Early1:ALL,14230_38_A
Mid1:CLS,14230_38_B
Mid1:OPN,14230_38_C
Early1:ALL,14230_43_44_A
Mid1:CLS,14230_43_44_B
Mid1:OPN,14230_43_44_C
Early1:ALL,14250_56_A
Mid1:CLS,14250_56_B
Late1:CLS,14250_56_C
Early1:OPN,14260_58_A
Mid1:OPN,14260_58_B
Mid2:OPN,14260_58_C
Late1:CLS,14260_58_D
Late2:CLS,14260_58_E
Early1:ALL,14270_47_A
Mid1:CLS,14270_47_B
Mid1:OPN,14270_47_C
Late1:OPN,14270_47_D
Late1:CLS,14270_47_E
Early1:ALL,14280_37_44_A
Mid1:CLS,14280_37_44_B
Late1:OPN,14280_37_44_C
Late1:CLS,14280_37_44_D
Early1:OPN,14290_37_45_A
Mid1:OPN,14290_37_45_B
Late1:OPN,14290_37_45_C
Early1:OPN,14300_46_A
Mid1:OPN,14300_46_B
Mid1:CLS,14300_46_C
Late1:CLS,14300_46_D
Late2:ALL,14300_46_E
Early1:OPN,14320_45_A
Mid1:OPN,14320_45_B
Late1:OPN,14320_45_C
Late1:CLS,14320_45_D
Early1:ALL,14340_36_A
Mid1:CLS,14340_36_B
Early1:ALL,14340_37_98_A
Mid1:CLS,14340_37_98_B
Mid1:OPN,14340_37_98_C
Late1:CLS,14340_37_98_D
Early1:OPN,14350_99_A
Mid1:ALL,14350_99_B
Late1:ALL,14350_99_C
Early1:OPN,14360_60_A
Mid1:OPN,14360_60_B
Mid2:OPN,14360_60_C
Late1:CLS,14360_60_D
Late2:CLS,14360_60_E
Early1:OPN,14360_65_66_A
Mid1:OPN,14360_65_66_B
Late1:CLS,14360_65_66_C
Early1:ALL,14370_36_A
Mid1:CLS,14370_36_B
Late1:CLS,14370_36_C
Early1:ALL,14380_36_A
Mid1:CLS,14380_36_B
Late1:CLS,14380_36_C
Late1:CLS,14390_36_A
Early1:ALL,14400_36_A
Mid1:CLS,14400_36_B
Late1:CLS,14400_36_C
Early1:ALL,14420_36_A
Mid1:CLS,14420_36_B
Mid1:OPN,14420_36_C
Early1:ALL,14440_41_50_51_A
Mid1:OPN,14440_41_50_51_B
Mid1:CLS,14440_41_50_51_C
Late1:CLS,14440_41_50_51_D
Early1:ALL,14450_56_A
Mid1:CLS,14450_56_B
Mid1:OPN,14450_56_C
Early1:ALL,14460_56_A
Mid1:CLS,14460_56_B
Mid1:OPN,14460_56_C
Late1:OPN,14460_56_D
Late1:CLS,14460_56_E
Early1:ALL,14470_56_A
Mid1:CLS,14470_56_B
Mid1:OPN,14470_56_C
Late1:OPN,14470_56_D
Late1:CLS,14470_56_E
Early1:ALL,14490_58_60_A
Mid1:CLS,14490_58_60_B
Mid1:OPN,14490_58_60_C
Late1:OPN,14490_58_60_D
Late1:CLS,14490_58_60_E
Early1:ALL,14500_55_58_A
Mid1:CLS,14500_55_58_B
Mid1:OPN,14500_55_58_C
Late1:OPN,14500_55_58_D
Late1:CLS,14500_55_58_E
Early1:ALL,14510_37_98_A
Mid1:CLS,14510_37_98_B
Mid1:OPN,14510_37_98_C
Late1:OPN,14510_37_98_D
Late1:CLS,14510_37_98_E
Early1:ALL,14520_58_60_A
Mid1:CLS,14520_58_60_B
Mid1:OPN,14520_58_60_C
Late1:OPN,14520_58_60_D
Late1:CLS,14520_58_60_E
Early1:ALL,14530_55_56_A
Mid1:CLS,14530_55_56_B
Mid1:OPN,14530_55_56_C
Late1:OPN,14530_55_56_D
Late1:CLS,14530_55_56_E
Early1:ALL,14540_55_56_99_A
Mid1:CLS,14540_55_56_99_B
Mid1:OPN,14540_55_56_99_C
Late1:OPN,14540_55_56_99_D
Late1:CLS,14540_55_56_99_E
Early1:ALL,14550_46_99_A
Mid1:CLS,14550_46_99_B
Mid1:OPN,14550_46_99_C
Late1:OPN,14550_46_99_D
Late1:CLS,14550_46_99_E
Early1:ALL,14570_47_48_A
Mid1:CLS,14570_47_48_B
Mid1:OPN,14570_47_48_C
Late1:OPN,14570_47_48_D
Late1:CLS,14570_47_48_E
Early1:ALL,14570_49_A
Mid1:ALL,14570_49_B
Late1:CLS,14570_49_C
Early1:ALL,14580_37_44_45_98_A
Mid1:CLS,14580_37_44_45_98_B
Mid1:OPN,14580_37_44_45_98_C
Late1:OPN,14580_37_44_45_98_D
Late1:CLS,14580_37_44_45_98_E
Early1:ALL,14590_58_A
Mid1:OPN,14590_58_B
Late2:CLS,14590_58_C
Early1:ALL,14600_55_56_99_A
Mid1:CLS,14600_55_56_99_B
Mid1:OPN,14600_55_56_99_C
Late1:OPN,14600_55_56_99_D
Late1:CLS,14600_55_56_99_E
Early1:ALL,14610_46_55_56_99_A
Mid1:CLS,14610_46_55_56_99_B
Mid1:OPN,14610_46_55_56_99_C
Late1:OPN,14610_46_55_56_99_D
Late1:CLS,14610_46_55_56_99_E
Early1:OPN,14660_49_A
Mid1:OPN,14660_49_B
Late1:OPN,14660_49_C
Early1:OPN,14660_50_51_A
Early2:OPN,14660_50_51_B
Late1:CLS,14660_50_51_C
Late2:CLS,14660_50_51_D
Early1:ALL,14670_36_A
Mid1:OPN,14670_36_B
Late1:CLS,14670_36_C
Early1:ALL,14680_46_55_58_99_A
Mid1:CLS,14680_46_55_58_99_B
Mid1:OPN,14680_46_55_58_99_C
Late1:OPN,14680_46_55_58_99_D
Late1:CLS,14680_46_55_58_99_E
Early1:ALL,14680_60_A
Mid1:CLS,14680_60_B
Mid1:OPN,14680_60_C
Late1:OPN,14680_60_D
Late1:CLS,14680_60_E
Early1:ALL,14690_31_39_40_43_A
Mid1:CLS,14690_31_39_40_43_B
Late1:CLS,14690_31_39_40_43_C
Late2:CLS,14690_31_39_40_43_D
Early1:ALL,14690_38_42_49_A
Mid1:CLS,14690_38_42_49_B
Late1:CLS,14690_38_42_49_C
Late2:CLS,14690_38_42_49_D
Early1:ALL,14700_56_A
Mid1:CLS,14700_56_B
Mid1:OPN,14700_56_C
Late1:OPN,14700_56_D
Late1:CLS,14700_56_E
Early1:ALL,14710_32_35_A
Late1:CLS,14710_32_35_B
Early1:ALL,14710_41_50_A
Mid1:OPN,14710_41_50_B
Mid1:CLS,14710_41_50_C
Late1:CLS,14710_41_50_D
Early1:ALL,14710_42_43_A
Mid1:CLS,14710_42_43_B
Mid1:OPN,14710_42_43_C
Late1:OPN,14710_42_43_D
Early1:ALL,14710_44_A
Mid1:CLS,14710_44_B
Mid1:OPN,14710_44_C
Late1:OPN,14710_44_D
Early1:ALL,14710_47_48_53_54_57_59_60_61_63_A
Mid1:CLS,14710_47_48_53_54_57_59_60_61_63_B
Mid1:OPN,14710_47_48_53_54_57_59_60_61_63_C
Late1:OPN,14710_47_48_53_54_57_59_60_61_63_D
Late1:CLS,14710_47_48_53_54_57_59_60_61_63_E
Early1:ALL,14710_49_52_A
Mid1:OPN,14710_49_52_B
Mid1:CLS,14710_49_52_C
Late1:CLS,14710_49_52_D
Early1:ALL,14710_51_62_A
Mid1:OPN,14710_51_62_B
Mid1:CLS,14710_51_62_C
Late1:CLS,14710_51_62_D
Early1:ALL,14710_64_65_A
Mid1:CLS,14710_64_65_B
Mid1:OPN,14710_64_65_C
Late1:OPN,14710_64_65_D
Late1:CLS,14710_64_65_E
Early1:ALL,14712_44_A
Mid1:CLS,14712_44_B
Late1:CLS,14712_44_C
Early1:OPN,14720_32_35_A
Mid1:CLS,14720_32_35_B
Late1:CLS,14720_32_35_C
Early1:ALL,14720_44_46_47_48_A
Mid1:CLS,14720_44_46_47_48_B
Mid1:OPN,14720_44_46_47_48_C
Late1:OPN,14720_44_46_47_48_D
Late1:CLS,14720_44_46_47_48_E
Early1:ALL,14720_49_A
Mid1:CLS,14720_49_B
Mid1:OPN,14720_49_C
Late1:OPN,14720_49_D
Late1:CLS,14720_49_E
Early1:ALL,14720_53_54_57_59_60_A
Mid1:CLS,14720_53_54_57_59_60_B
Mid1:OPN,14720_53_54_57_59_60_C
Late1:OPN,14720_53_54_57_59_60_D
Late1:CLS,14720_53_54_57_59_60_E
Early1:ALL,14720_61_62_63_A
Mid1:CLS,14720_61_62_63_B
Mid1:OPN,14720_61_62_63_C
Late1:OPN,14720_61_62_63_D
Late1:CLS,14720_61_62_63_E
Early1:ALL,14720_64_65_66_A
Mid1:CLS,14720_64_65_66_B
Mid1:OPN,14720_64_65_66_C
Late1:OPN,14720_64_65_66_D
Late1:CLS,14720_64_65_66_E
Early1:ALL,14730_32_37_44_A
Mid1:CLS,14730_32_37_44_B
Late1:CLS,14730_32_37_44_C
Late1:OPN,14730_32_37_44_D
Early1:ALL,14730_36_A
Mid1:CLS,14730_36_B
Late1:CLS,14730_36_C
Late1:OPN,14730_36_D
Early1:ALL,14730_45_46_47_98_99_A
Mid1:CLS,14730_45_46_47_98_99_B
Late1:CLS,14730_45_46_47_98_99_C
Late1:OPN,14730_45_46_47_98_99_D
Early1:ALL,14730_55_58_60_A
Mid1:CLS,14730_55_58_60_B
Late1:CLS,14730_55_58_60_C
Late1:OPN,14730_55_58_60_D
Early1:ALL,14740_32_37_44_45_98_A
Mid1:CLS,14740_32_37_44_45_98_B
Late1:CLS,14740_32_37_44_45_98_C
Early1:ALL,14740_36_A
Mid1:CLS,14740_36_B
Early1:ALL,14740_46_47_48_55_56_58_60_99_A
Mid1:CLS,14740_46_47_48_55_56_58_60_99_B
Mid1:OPN,14740_46_47_48_55_56_58_60_99_C
Late1:OPN,14740_46_47_48_55_56_58_60_99_D
Late1:CLS,14740_46_47_48_55_56_58_60_99_E
Early1:ALL,14750_41_50_51_63_64_65_66_A
Mid1:OPN,14750_41_50_51_63_64_65_66_B
Mid1:CLS,14750_41_50_51_63_64_65_66_C
Late1:CLS,14750_41_50_51_63_64_65_66_D
Early1:OPN,14760_36_A
Mid1:OPN,14760_36_B
Late1:CLS,14760_36_C
Early1:ALL,14770_40_41_50_51_A
Mid1:OPN,14770_40_41_50_51_B
Late1:CLS,14770_40_41_50_51_C
Late2:ALL,14770_40_41_50_51_D
Late3:OPN,14770_40_41_50_51_E
Early1:ALL,14770_63_64_65_66_A
Mid1:OPN,14770_63_64_65_66_B
Late1:CLS,14770_63_64_65_66_C
Late2:ALL,14770_63_64_65_66_D
Late3:OPN,14770_63_64_65_66_E
Early1:ALL,14780_56_A
Mid1:CLS,14780_56_B
Mid2:CLS,14780_56_C
Late1:CLS,14780_56_D
Early1:ALL,14790_41_42_47_48_50_51_53_A
Mid1:CLS,14790_41_42_47_48_50_51_53_B
Late1:CLS,14790_41_42_47_48_50_51_53_C
Early1:ALL,14790_52_62_A
Mid1:CLS,14790_52_62_B
Late1:CLS,14790_52_62_C
Early1:ALL,14790_60_61_63_64_65_66_A
Mid1:CLS,14790_60_61_63_64_65_66_B
Late1:CLS,14790_60_61_63_64_65_66_C
Early1:ALL,14800_36_37_44_A
Mid1:CLS,14800_36_37_44_B
Late1:OPN,14800_36_37_44_C
Late1:CLS,14800_36_37_44_D
Early1:ALL,14800_45_98_A
Mid1:CLS,14800_45_98_B
Late1:OPN,14800_45_98_C
Late1:CLS,14800_45_98_D
Early1:ALL,14800_46_56_58_60_64_65_66_A
Mid1:CLS,14800_46_56_58_60_64_65_66_B
Late1:CLS,14800_46_56_58_60_64_65_66_C
Early1:ALL,14800_47_A
Mid1:CLS,14800_47_B
Late1:CLS,14800_47_C
Early1:ALL,14800_55_99_A
Mid1:CLS,14800_55_99_B
Late1:CLS,14800_55_99_C
Early1:ALL,14810_41_50_51_63_A
Early2:CLS,14810_41_50_51_63_B
Mid1:CLS,14810_41_50_51_63_C
Late1:CLS,14810_41_50_51_63_D
Early1:ALL,14820_30_A
Mid1:CLS,14820_30_B
Early1:ALL,14820_39_40_A
Mid1:CLS,14820_39_40_B
Early1:ALL,14830_56_A
Mid1:CLS,14830_56_B
Late1:OPN,14830_56_C
Late1:CLS,14830_56_D
Early1:ALL,14850_55_99_A
Mid1:CLS,14850_55_99_B
Mid1:OPN,14850_55_99_C
Late1:OPN,14850_55_99_D
Late1:CLS,14850_55_99_E
Early1:ALL,14860_36_A
Mid1:CLS,14860_36_B
Early1:OPN,14860_36_C
Early1:CLS,14880_38_42_43_A
Early1:ALL,14890_55_56_99_A
Mid1:CLS,14890_55_56_99_B
Mid2:CLS,14890_55_56_99_C
Late1:CLS,14890_55_56_99_D
Late2:CLS,14890_55_56_99_E
Early1:ALL,14900_36_A
Mid1:CLS,14900_36_B
Early1:ALL,14900_37_98_A
Mid1:OPN,14900_37_98_B
Early1:OPN,14900_55_56_58_99_A
Mid1:OPN,14900_55_56_58_99_B
Mid2:OPN,14900_55_56_58_99_C
Early2:OPN,14900_55_56_58_99_D
Early1:OPN,14900_60_A
Mid1:OPN,14900_60_B
Mid2:OPN,14900_60_C
Early2:OPN,14900_60_D
Early1:ALL,14900_65_66_A
Mid1:OPN,14900_65_66_B
Late1:OPN,14900_65_66_C
Early1:ALL,14920_41_50_51_52_63_A
Early2:ALL,14920_41_50_51_52_63_B
Mid1:CLS,14920_41_50_51_52_63_C
Early1:OPN,14930_41_42_44_50_A
Late1:OPN,14930_41_42_44_50_B
Late2:CLS,14930_41_42_44_50_C
Late3:CLS,14930_41_42_44_50_D
Early1:OPN,14930_52_62_A
Late1:OPN,14930_52_62_B
Late2:CLS,14930_52_62_C
Late3:CLS,14930_52_62_D
Early1:OPN,14940_41_50_51_A
Late1:OPN,14940_41_50_51_B
Late2:CLS,14940_41_50_51_C
Late3:CLS,14940_41_50_51_D
Early1:OPN,14940_63_65_66_A
Mid1:OPN,14940_63_65_66_B
Late1:OPN,14940_63_65_66_C
Late2:CLS,14940_63_65_66_D
Early1:OPN,14940_64_A
Mid1:OPN,14940_64_B
Late1:OPN,14940_64_C
Late2:CLS,14940_64_D
Early1:ALL,14950_20_A
Mid1:CLS,14950_20_B
Early1:OPN,14950_27_33_A
Mid1:CLS,14950_27_33_B
Early1:ALL,14950_30_A
Mid1:CLS,14950_30_B
Early1:ALL,14950_31_39_40_A
Mid1:CLS,14950_31_39_40_B
Early1:OPN,14950_35_A
Early1:OPN,14950_36_A
Early1:ALL,14950_38_A
Mid1:CLS,14950_38_B
Early1:OPN,14951_26_34_A
Early1:OPN,14952_34_A
Late1:OPN,14952_34_B
Early1:ALL,15010_58_60_A
Mid1:CLS,15010_58_60_B
Mid2:CLS,15010_58_60_C
Late2:CLS,15010_58_60_D
Late1:CLS,15010_58_60_E
Early1:ALL,15030_25_27_A
Mid1:ALL,15030_25_27_B
Late1:ALL,15030_25_27_C
Early1:ALL,15030_26_A
Mid1:ALL,15030_26_B
Late1:ALL,15030_26_C
Early1:OPN,15040_25_27_A
Late1:OPN,15040_25_27_B
Early1:ALL,15040_32_35_A
Early1:ALL,15041_26_34_A
Early1:OPN,15042_26_34_A
Mid1:OPN,15042_26_34_B
Mid2:OPN,15042_26_34_C
Early1:ALL,15060_37_44_A
Mid1:CLS,15060_37_44_B
Late1:CLS,15060_37_44_C
Late1:OPN,15060_37_44_D
Early1:ALL,15070_44_A
Mid1:CLS,15070_44_B
Mid1:OPN,15070_44_C
Late1:OPN,15070_44_D
Late1:CLS,15070_44_E
Early1:ALL,15090_45_47_A
Mid1:CLS,15090_45_47_B
Late1:OPN,15090_45_47_C
Late1:CLS,15090_45_47_D
Early1:ALL,15100_45_A
Mid1:CLS,15100_45_B
Mid1:OPN,15100_45_C
Late1:OPN,15100_45_D
Late1:CLS,15100_45_E
Early1:ALL,15130_45_A
Mid1:CLS,15130_45_B
Late1:CLS,15130_45_C
Late1:OPN,15130_45_D
Early1:ALL,15170_42_49_50_A
Mid1:OPN,15170_42_49_50_B
Mid2:OPN,15170_42_49_50_C
Mid3:CLS,15170_42_49_50_D
Late1:CLS,15170_42_49_50_E
Early1:ALL,15180_43_47_49_52_62_63_64_65_A
Mid1:CLS,15180_43_47_49_52_62_63_64_65_B
Late1:CLS,15180_43_47_49_52_62_63_64_65_C
Early1:ALL,15190_32_35_36_37_A
Mid1:CLS,15190_32_35_36_37_B
Mid1:OPN,15190_32_35_36_37_C
Late1:OPN,15190_32_35_36_37_D
Late1:CLS,15190_32_35_36_37_E
Early1:ALL,15230_32_35_A
Early2:OPN,15230_32_35_B
Mid1:OPN,15230_32_35_C
Mid2:CLS,15230_32_35_D
Late1:CLS,15230_32_35_E
Early1:OPN,15240_35_A
Mid1:CLS,15240_35_B
Late1:CLS,15240_35_C
Early1:OPN,15250_35_A
Late1:CLS,15250_35_B
Early1:ALL,15260_64_65_66_A
Early2:CLS,15260_64_65_66_B
Mid1:CLS,15260_64_65_66_C
Late1:CLS,15260_64_65_66_D
Early1:OPN,18040_79_A
Late1:CLS,18040_79_B
Late1:CLS,18060_79_A
Early1:ALL,18080_79_A
Mid1:OPN,18080_79_B
Mid2:CLS,18080_79_C
Late1:CLS,18080_79_D
Late1:OPN,18080_79_E
Early1:ALL,18090_79_A
Mid1:OPN,18090_79_B
Mid1:CLS,18090_79_C
Late1:CLS,18090_79_D
Late1:OPN,18090_79_E
Early1:ALL,18100_79_A
Mid1:OPN,18100_79_B
Mid1:CLS,18100_79_C
Late1:CLS,18100_79_D
Late1:OPN,18100_79_E
Early1:OPN,18110_79_A
Mid1:CLS,18110_79_B
Late1:CLS,18110_79_C
Early1:OPN,18130_79_A
Mid1:OPN,18130_79_B
Late1:CLS,18130_79_C
Late2:OPN,18130_79_D
Late3:OPN,18130_79_E
Early1:ALL,18140_79_A
Mid1:OPN,18140_79_B
Mid1:CLS,18140_79_C
Late1:OPN,18140_79_D
Late1:CLS,18140_79_E
Early1:ALL,18151_79_A
Mid1:CLS,18151_79_B
Mid1:OPN,18151_79_C
Late1:CLS,18151_79_D
Early1:ALL,18160_79_A
Mid1:OPN,18160_79_B
Mid1:CLS,18160_79_C
Late1:OPN,18160_79_D
Late1:CLS,18160_79_E
Early1:OPN,18170_79_A
Mid1:CLS,18170_79_B
Mid2:CLS,18170_79_C
Late1:CLS,18170_79_D
Early1:OPN,18180_79_A
Mid1:CLS,18180_79_B
Late1:CLS,18180_79_C
Early1:OPN,18190_79_A
Late1:ALL,18190_79_B
Early1:ALL,18200_79_A
Mid1:OPN,18200_79_B
Early1:OPN,18210_79_A
Early2:OPN,18210_79_B
Mid1:OPN,18210_79_C
Mid2:OPN,18210_79_D
Late1:OPN,18210_79_E
Early1:OPN,18220_79_A
Late1:CLS,18220_79_B
Early1:OPN,18230_79_A
Late1:CLS,18230_79_B
Early1:ALL,18240_79_A
Late1:OPN,18240_79_B
Early1:ALL,18250_79_A
Late1:OPN,18250_79_B
Early1:ALL,18260_79_A
Mid1:OPN,18260_79_B
Late1:OPN,18260_79_C
Early1:ALL,18270_79_A
Mid1:OPN,18270_79_B
Late1:OPN,18270_79_C
Early1:ALL,18280_79_A
Mid1:OPN,18280_79_B
Late1:CLS,18280_79_C
